om,yr,mo,dy,date,time,tz,st,stf,stn,mag,inj,fat,loss,closs,slat,slon,elat,elon,len,wid,ns,sn,sg,f1,f2,f3,f4,fc,edat,etime
192,1950,10,01,1950-10-01,21:00:00,3,OK,40,23,1,0,0,4.0,0.0,36.73,-102.52,36.88,-102.3,15.8,10,1,1,1,25,0,0,0,0,,
193,1950,10,09,1950-10-09,02:15:00,3,NC,37,9,3,3,0,5.0,0.0,34.17,-78.6,0.0,0.0,2.0,880,1,1,1,47,0,0,0,0,,
195,1950,11,20,1950-11-20,02:20:00,3,KY,21,1,2,0,0,5.0,0.0,37.37,-87.2,0.0,0.0,0.1,10,1,1,1,177,0,0,0,0,,
196,1950,11,20,1950-11-20,04:00:00,3,KY,21,2,1,0,0,5.0,0.0,38.2,-84.5,0.0,0.0,0.1,10,1,1,1,209,0,0,0,0,,
197,1950,11,20,1950-11-20,07:30:00,3,MS,28,14,1,3,0,4.0,0.0,32.42,-89.13,0.0,0.0,2.0,37,1,1,1,101,0,0,0,0,,
194,1950,11,04,1950-11-04,17:00:00,3,PA,42,5,3,1,0,5.0,0.0,40.2,-76.12,40.4,-75.93,15.9,100,1,1,1,71,11,0,0,0,,
198,1950,12,02,1950-12-02,15:00:00,3,IL,17,7,2,3,1,4.0,0.0,38.97,-90.05,39.07,-89.72,18.8,50,1,1,1,119,117,0,0,0,,
199,1950,12,02,1950-12-02,16:00:00,3,IL,17,8,3,25,2,6.0,0.0,38.75,-89.67,38.9,-89.38,18.0,200,1,1,1,119,5,0,0,0,,
200,1950,12,02,1950-12-02,16:25:00,3,AR,5,12,3,0,0,1.0,0.0,36.12,-91.83,36.18,-91.72,7.8,10,1,1,1,65,0,0,0,0,,
201,1950,12,02,1950-12-02,17:30:00,3,IL,17,9,1,0,0,4.0,0.0,38.17,-89.78,38.22,-89.62,9.6,50,1,1,1,157,0,0,0,0,,
4,1950,01,13,1950-01-13,05:25:00,3,AR,5,1,3,1,1,3.0,0.0,34.4,-94.37,0.0,0.0,0.6,17,1,1,1,113,0,0,0,0,,
5,1950,01,25,1950-01-25,19:30:00,3,MO,29,2,2,5,0,5.0,0.0,37.6,-90.68,37.63,-90.65,2.3,300,1,1,1,93,0,0,0,0,,
6,1950,01,25,1950-01-25,21:00:00,3,IL,17,3,2,0,0,5.0,0.0,41.17,-87.33,0.0,0.0,0.1,100,1,1,1,91,0,0,0,0,,
7,1950,01,26,1950-01-26,18:00:00,3,TX,48,1,2,2,0,0.0,0.0,26.88,-98.12,26.88,-98.05,4.7,133,1,1,1,47,0,0,0,0,,
1,1950,01,03,1950-01-03,11:00:00,3,MO,29,1,3,3,0,6.0,0.0,38.77,-90.22,38.83,-90.03,9.5,150,2,0,1,0,0,0,0,0,,
1,1950,01,03,1950-01-03,11:00:00,3,MO,29,1,3,3,0,6.0,0.0,38.77,-90.22,38.82,-90.12,6.2,150,2,1,2,189,0,0,0,0,,
1,1950,01,03,1950-01-03,11:10:00,3,IL,17,1,3,0,0,5.0,0.0,38.82,-90.12,38.83,-90.03,3.3,100,2,1,2,119,0,0,0,0,,
2,1950,01,03,1950-01-03,11:55:00,3,IL,17,2,3,3,0,5.0,0.0,39.1,-89.3,39.12,-89.23,3.6,130,1,1,1,135,0,0,0,0,,
3,1950,01,03,1950-01-03,16:00:00,3,OH,39,1,1,1,0,4.0,0.0,40.88,-84.58,0.0,0.0,0.1,10,1,1,1,161,0,0,0,0,,
8,1950,02,11,1950-02-11,13:10:00,3,TX,48,2,2,0,0,4.0,0.0,29.42,-95.25,29.52,-95.13,9.9,400,1,1,1,39,0,0,0,0,,
9,1950,02,11,1950-02-11,13:50:00,3,TX,48,3,3,12,1,4.0,0.0,29.67,-95.05,29.83,-95.0,12.0,1000,1,1,1,201,0,0,0,0,,
10,1950,02,11,1950-02-11,21:00:00,3,TX,48,4,2,5,0,5.0,0.0,32.35,-95.2,32.42,-95.2,4.6,100,1,1,1,423,0,0,0,0,,
11,1950,02,11,1950-02-11,23:55:00,3,TX,48,5,2,6,0,5.0,0.0,32.98,-94.63,33.0,-94.7,4.5,67,1,1,1,67,343,0,0,0,,
12,1950,02,12,1950-02-12,00:30:00,3,TX,48,6,2,8,1,4.0,0.0,33.33,-94.42,33.45,-94.42,8.0,833,1,1,1,37,0,0,0,0,,
13,1950,02,12,1950-02-12,01:15:00,3,TX,48,7,1,0,0,4.0,0.0,32.08,-98.35,32.1,-98.33,2.3,233,1,1,1,143,0,0,0,0,,
14,1950,02,12,1950-02-12,06:10:00,3,TX,48,8,2,0,0,4.0,0.0,31.52,-96.55,31.57,-96.55,3.4,100,1,1,1,293,0,0,0,0,,
15,1950,02,12,1950-02-12,11:57:00,3,TX,48,9,1,32,0,5.0,0.0,31.8,-94.2,31.88,-94.12,7.7,100,1,1,1,419,0,0,0,0,,
16,1950,02,12,1950-02-12,12:00:00,3,MS,28,1,2,2,3,4.0,0.0,34.6,-89.12,0.0,0.0,0.1,10,1,1,1,145,0,0,0,0,,
17,1950,02,12,1950-02-12,12:00:00,3,MS,28,2,1,0,0,0.0,0.0,34.6,-89.12,0.0,0.0,2.0,10,1,1,1,145,0,0,0,0,,
18,1950,02,12,1950-02-12,12:00:00,3,TX,48,10,3,15,3,5.0,0.0,31.8,-94.2,31.8,-94.18,1.9,50,1,1,1,419,0,0,0,0,,
19,1950,02,12,1950-02-12,12:30:00,3,AR,5,2,2,0,0,3.0,0.0,34.48,-92.4,0.0,0.0,0.1,100,1,1,1,53,0,0,0,0,,
20,1950,02,12,1950-02-12,13:00:00,3,LA,22,1,4,77,18,5.0,0.0,31.97,-94.0,33.0,-93.3,82.6,100,1,1,1,31,17,15,119,0,,
21,1950,02,12,1950-02-12,13:20:00,3,LA,22,2,2,10,5,5.0,0.0,32.2,-93.58,32.97,-93.17,58.4,100,1,1,1,31,81,17,15,0,,
22,1950,02,12,1950-02-12,14:00:00,3,LA,22,4,3,25,5,5.0,0.0,31.63,-93.65,32.55,-93.03,74.5,100,1,1,1,85,69,81,13,0,,
22,1950,02,12,1950-02-12,14:20:00,3,LA,22,3,2,0,0,0.0,0.0,0.0,0.0,0.0,0.0,0.0,0,1,0,-9,27,0,0,0,0,,
23,1950,02,12,1950-02-12,15:00:00,3,AR,5,3,2,0,0,4.0,0.0,33.27,-92.95,33.35,-92.95,5.7,100,1,1,1,139,0,0,0,0,,
24,1950,02,12,1950-02-12,23:00:00,3,LA,22,5,1,0,0,4.0,0.0,32.6,-91.33,0.0,0.0,0.5,33,1,1,1,35,0,0,0,0,,
25,1950,02,13,1950-02-13,01:00:00,3,TN,47,1,1,8,0,3.0,0.0,35.35,-89.77,0.0,0.0,0.2,10,1,1,1,157,0,0,0,0,,
26,1950,02,13,1950-02-13,02:00:00,3,TN,47,2,2,1,9,4.0,0.0,35.75,-89.48,0.0,0.0,0.2,10,1,1,1,97,0,0,0,0,,
27,1950,02,27,1950-02-27,10:20:00,3,OK,40,1,2,0,0,4.0,0.0,35.55,-97.6,0.0,0.0,2.0,50,1,1,1,109,0,0,0,0,,
29,1950,03,16,1950-03-16,09:15:00,3,FL,12,1,2,0,0,3.0,0.0,29.65,-81.22,0.0,0.0,1.5,150,1,1,1,109,0,0,0,0,,
30,1950,03,19,1950-03-19,07:30:00,3,LA,22,6,1,2,0,4.0,0.0,30.45,-93.45,0.0,0.0,2.0,33,1,1,1,19,0,0,0,0,,
31,1950,03,19,1950-03-19,13:15:00,3,LA,22,7,2,0,0,4.0,0.0,30.1,-91.0,0.0,0.0,1.0,50,1,1,1,5,0,0,0,0,,
32,1950,03,19,1950-03-19,13:15:00,3,LA,22,8,0,0,0,4.0,0.0,29.7,-90.1,29.67,-89.8,18.1,27,1,1,1,51,75,0,0,0,,
33,1950,03,26,1950-03-26,19:30:00,3,AR,5,4,2,3,0,4.0,0.0,34.12,-93.07,34.32,-92.88,17.4,150,1,1,1,19,59,0,0,0,,
34,1950,03,26,1950-03-26,19:31:00,3,AR,5,5,3,1,0,5.0,0.0,36.15,-91.83,36.2,-91.75,5.7,200,1,1,1,65,0,0,0,0,,
35,1950,03,26,1950-03-26,20:30:00,3,AR,5,6,2,7,0,5.0,0.0,34.7,-92.35,34.8,-92.22,10.4,600,1,1,1,119,0,0,0,0,,
36,1950,03,26,1950-03-26,21:15:00,3,AR,5,7,3,20,0,5.0,0.0,34.98,-91.73,35.08,-91.5,14.9,1760,1,1,1,117,0,0,0,0,,
37,1950,03,26,1950-03-26,23:30:00,3,AR,5,8,2,2,0,0.0,0.0,35.1,-91.4,35.15,-91.33,5.4,833,1,1,1,147,0,0,0,0,,
38,1950,03,27,1950-03-27,03:00:00,3,OK,40,2,2,0,0,3.0,0.0,34.85,-95.75,0.0,0.0,0.1,77,1,1,1,121,0,0,0,0,,
39,1950,03,27,1950-03-27,05:00:00,3,MS,28,6,2,2,1,0.0,0.0,33.17,-90.55,0.0,0.0,0.1,10,1,1,1,53,0,0,0,0,,
40,1950,03,27,1950-03-27,06:00:00,3,LA,22,9,1,2,0,4.0,0.0,32.63,-91.28,32.73,-91.05,15.3,17,1,1,1,35,0,0,0,0,,
41,1950,03,27,1950-03-27,07:30:00,3,MS,28,7,2,0,0,0.0,0.0,33.13,-89.57,33.25,-89.42,11.9,10,1,1,1,7,0,0,0,0,,
42,1950,03,27,1950-03-27,07:45:00,3,MS,28,4,2,0,0,0.0,0.0,0.0,0.0,0.0,0.0,0.0,0,1,0,-9,99,0,0,0,0,,
42,1950,03,27,1950-03-27,07:45:00,3,MS,28,4,2,7,0,5.0,0.0,32.28,-90.27,32.98,-89.82,59.3,50,1,1,1,49,121,123,79,0,,
43,1950,03,27,1950-03-27,07:45:00,3,MS,28,5,2,0,0,0.0,0.0,0.0,0.0,0.0,0.0,0.0,0,1,0,-9,75,0,0,0,0,,
43,1950,03,27,1950-03-27,07:45:00,3,MS,28,5,2,6,0,5.0,0.0,32.28,-90.27,32.48,-89.78,31.9,50,1,1,1,49,121,123,101,0,,
44,1950,03,27,1950-03-27,08:30:00,3,LA,22,10,1,0,0,4.0,0.0,30.92,-91.13,0.0,0.0,0.5,27,1,1,1,37,0,0,0,0,,
45,1950,03,27,1950-03-27,08:45:00,3,MS,28,9,2,0,0,0.0,0.0,33.67,-88.78,33.72,-88.73,4.7,10,1,1,1,25,0,0,0,0,,
46,1950,03,27,1950-03-27,11:00:00,3,MS,28,8,1,2,0,4.0,0.0,34.73,-88.27,0.0,0.0,0.1,10,1,1,1,141,0,0,0,0,,
47,1950,03,27,1950-03-27,15:00:00,3,TN,47,3,1,0,0,3.0,0.0,35.68,-85.77,0.0,0.0,0.2,10,1,1,1,177,0,0,0,0,,
48,1950,03,27,1950-03-27,16:30:00,3,IL,17,4,2,0,0,3.0,0.0,40.57,-88.6,40.6,-88.55,3.0,50,1,1,1,113,0,0,0,0,,
28,1950,03,01,1950-03-01,02:30:00,3,MS,28,3,1,0,0,0.0,0.0,32.5,-88.85,0.0,0.0,0.1,10,1,1,1,75,0,0,0,0,,
53,1950,04,18,1950-04-18,01:30:00,3,AL,1,1,3,15,0,4.0,0.0,30.67,-88.2,30.85,-88.1,14.0,100,1,1,1,97,0,0,0,0,,
54,1950,04,18,1950-04-18,01:45:00,3,AL,1,2,2,0,0,3.0,0.0,30.7,-87.92,0.0,0.0,2.0,150,1,1,1,3,0,0,0,0,,
55,1950,04,24,1950-04-24,07:45:00,3,LA,22,11,1,0,0,4.0,0.0,30.1,-90.03,0.0,0.0,2.0,100,1,1,1,5,0,0,0,0,,
56,1950,04,27,1950-04-27,16:00:00,3,SC,45,1,1,0,0,4.0,0.0,33.07,-80.0,0.0,0.0,0.7,37,1,1,1,15,0,0,0,0,,
57,1950,04,28,1950-04-28,14:17:00,3,OK,40,5,3,1,1,5.0,0.0,34.88,-99.28,35.17,-99.2,20.8,400,1,1,1,75,149,0,0,0,,
58,1950,04,28,1950-04-28,17:00:00,3,KS,20,1,1,0,0,4.0,0.0,38.12,-95.85,38.35,-95.63,19.8,10,1,1,1,31,0,0,0,0,,
59,1950,04,28,1950-04-28,18:00:00,3,TX,48,11,4,5,5,5.0,0.0,32.42,-99.5,32.42,-99.48,1.3,233,1,1,1,59,0,0,0,0,,
60,1950,04,28,1950-04-28,19:05:00,3,OK,40,6,4,32,5,5.0,0.0,35.08,-96.4,35.13,-96.35,4.5,200,1,1,1,63,0,0,0,0,,
61,1950,04,28,1950-04-28,19:30:00,3,OK,40,7,2,0,0,4.0,0.0,34.55,-96.2,0.0,0.0,0.8,100,1,1,1,29,0,0,0,0,,
62,1950,04,29,1950-04-29,12:00:00,3,MS,28,10,2,0,0,5.0,0.0,31.27,-89.83,31.38,-89.7,11.3,100,1,1,1,91,0,0,0,0,,
63,1950,04,29,1950-04-29,15:30:00,3,TX,48,12,1,0,0,4.0,0.0,31.9,-98.6,31.73,-98.6,11.5,200,1,1,1,93,0,0,0,0,,
49,1950,04,02,1950-04-02,15:30:00,3,AR,5,9,3,8,1,3.0,0.0,35.75,-91.22,0.0,0.0,2.5,10,1,1,1,67,0,0,0,0,,
50,1950,04,02,1950-04-02,18:00:00,3,OK,40,3,2,0,0,4.0,0.0,35.82,-97.02,0.0,0.0,1.0,100,1,1,1,81,0,0,0,0,,
51,1950,04,02,1950-04-02,18:00:00,3,AR,5,10,1,0,0,3.0,0.0,35.98,-89.92,0.0,0.0,0.8,100,1,1,1,93,0,0,0,0,,
52,1950,04,03,1950-04-03,16:15:00,3,OK,40,4,1,0,0,3.0,0.0,36.13,-95.83,0.0,0.0,1.0,33,1,1,1,143,0,0,0,0,,
95,1950,05,10,1950-05-10,13:00:00,3,WY,56,1,2,0,0,1.0,0.0,41.18,-110.42,0.0,0.0,2.0,33,1,1,1,41,0,0,0,0,,
96,1950,05,11,1950-05-11,18:30:00,3,OK,40,15,1,0,0,2.0,0.0,36.82,-100.52,0.0,0.0,0.5,77,1,1,1,7,0,0,0,0,,
97,1950,05,12,1950-05-12,14:00:00,3,NC,37,1,1,0,0,4.0,0.0,35.75,-77.42,0.0,0.0,2.0,10,1,1,1,147,0,0,0,0,,
98,1950,05,12,1950-05-12,17:00:00,3,NC,37,2,1,0,0,0.0,0.0,35.73,-78.4,0.0,0.0,1.0,200,1,1,1,183,0,0,0,0,,
99,1950,05,12,1950-05-12,17:00:00,3,NC,37,3,0,0,0,0.0,0.0,35.73,-78.4,0.0,0.0,1.0,200,1,1,1,183,0,0,0,0,,
100,1950,05,13,1950-05-13,11:30:00,3,LA,22,19,1,0,0,4.0,0.0,31.15,-91.95,0.0,0.0,2.0,27,1,1,1,9,0,0,0,0,,
101,1950,05,14,1950-05-14,16:00:00,3,TX,48,14,1,0,0,3.0,0.0,29.53,-95.45,0.0,0.0,1.0,100,1,1,1,157,0,0,0,0,,
102,1950,05,14,1950-05-14,17:00:00,3,NC,37,4,1,0,0,3.0,0.0,35.3,-79.8,35.33,-79.75,3.8,50,1,1,1,123,0,0,0,0,,
103,1950,05,14,1950-05-14,17:30:00,3,NC,37,5,2,5,0,0.0,0.0,35.0,-80.68,0.0,0.0,2.0,10,1,1,1,179,0,0,0,0,,
104,1950,05,15,1950-05-15,00:01:00,3,TX,48,15,2,0,0,4.0,0.0,29.78,-98.83,29.67,-98.57,18.0,10,1,1,1,259,0,0,0,0,,
105,1950,05,15,1950-05-15,11:00:00,3,FL,12,3,1,0,0,4.0,0.0,28.58,-81.37,0.0,0.0,0.1,10,1,1,1,95,0,0,0,0,,
106,1950,05,15,1950-05-15,11:00:00,3,FL,12,4,2,0,0,4.0,0.0,28.5,-81.37,0.0,0.0,0.1,10,1,1,1,95,0,0,0,0,,
107,1950,05,16,1950-05-16,18:00:00,3,KS,20,11,2,0,0,3.0,0.0,37.55,-98.42,0.0,0.0,0.2,200,1,1,1,95,0,0,0,0,,
108,1950,05,16,1950-05-16,19:30:00,3,OK,40,16,1,1,0,3.0,0.0,35.82,-99.12,35.87,-99.0,7.3,100,1,1,1,43,0,0,0,0,,
109,1950,05,18,1950-05-18,15:15:00,3,NE,31,2,1,0,0,4.0,0.0,40.22,-100.63,0.0,0.0,0.7,333,1,1,1,145,0,0,0,0,,
110,1950,05,18,1950-05-18,19:00:00,3,KS,20,12,3,2,0,5.0,0.0,38.12,-96.82,38.33,-96.82,14.9,100,1,1,1,17,0,0,0,0,,
111,1950,05,18,1950-05-18,19:00:00,3,KS,20,13,0,0,0,3.0,0.0,39.85,-98.3,0.0,0.0,0.1,10,1,1,1,89,0,0,0,0,,
112,1950,05,19,1950-05-19,01:30:00,3,KS,20,14,0,0,0,3.0,0.0,37.82,-96.85,0.0,0.0,0.1,10,1,1,1,15,0,0,0,0,,
113,1950,05,22,1950-05-22,12:39:00,3,OK,40,17,1,0,0,0.0,0.0,35.67,-99.23,0.0,0.0,1.5,100,1,1,1,39,0,0,0,0,,
114,1950,05,23,1950-05-23,18:00:00,3,KS,20,15,0,0,0,4.0,0.0,39.75,-99.32,0.0,0.0,0.2,250,1,1,1,147,0,0,0,0,,
115,1950,05,24,1950-05-24,13:30:00,3,KS,20,16,2,1,0,3.0,0.0,37.27,-99.48,37.28,-99.42,3.6,77,1,1,1,33,0,0,0,0,,
116,1950,05,24,1950-05-24,17:30:00,3,KS,20,17,1,0,0,4.0,0.0,39.38,-96.97,39.45,-96.78,10.7,40,1,1,1,161,0,0,0,0,,
117,1950,05,24,1950-05-24,21:30:00,3,OK,40,18,2,2,0,4.0,0.0,36.45,-99.03,0.0,0.0,1.0,33,1,1,1,153,0,0,0,0,,
118,1950,05,25,1950-05-25,16:30:00,3,TX,48,16,1,0,0,3.0,0.0,32.67,-101.88,32.65,-101.85,3.0,880,1,1,1,115,0,0,0,0,,
119,1950,05,29,1950-05-29,14:48:00,3,OK,40,19,1,0,0,2.0,0.0,36.38,-95.27,0.0,0.0,1.0,33,1,1,1,97,0,0,0,0,,
120,1950,05,29,1950-05-29,17:00:00,3,TX,48,17,1,0,0,0.0,0.0,33.35,-96.92,33.3,-96.92,3.4,267,1,1,1,121,0,0,0,0,,
121,1950,05,29,1950-05-29,23:00:00,3,LA,22,20,1,13,0,4.0,0.0,32.1,-93.9,0.0,0.0,1.0,27,1,1,1,31,0,0,0,0,,
122,1950,05,29,1950-05-29,23:00:00,3,LA,22,21,1,0,0,4.0,0.0,31.67,-93.7,0.0,0.0,1.0,27,1,1,1,85,0,0,0,0,,
123,1950,05,30,1950-05-30,14:00:00,3,GA,13,1,1,0,0,3.0,0.0,34.75,-84.92,0.0,0.0,0.5,10,1,1,1,313,0,0,0,0,,
124,1950,05,31,1950-05-31,15:30:00,3,NC,37,6,1,0,0,3.0,0.0,35.42,-77.25,0.0,0.0,0.1,10,1,1,1,147,0,0,0,0,,
64,1950,05,01,1950-05-01,01:00:00,3,LA,22,12,1,0,0,5.0,0.0,31.7,-93.3,0.0,0.0,2.0,100,1,1,1,69,0,0,0,0,,
65,1950,05,01,1950-05-01,05:00:00,3,MS,28,11,1,0,0,4.0,0.0,31.73,-91.07,0.0,0.0,0.1,10,1,1,1,63,0,0,0,0,,
66,1950,05,01,1950-05-01,09:00:00,3,MS,28,12,1,0,0,4.0,0.0,31.55,-91.38,0.0,0.0,0.1,10,1,1,1,1,0,0,0,1,,
67,1950,05,01,1950-05-01,10:30:00,3,LA,22,13,1,0,0,5.0,0.0,31.95,-92.63,32.05,-92.4,15.4,150,1,1,1,127,0,0,0,0,,
68,1950,05,01,1950-05-01,11:25:00,3,LA,22,14,2,7,0,5.0,0.0,31.55,-92.9,31.57,-92.85,3.6,100,1,1,1,69,0,0,0,0,,
69,1950,05,01,1950-05-01,11:30:00,3,LA,22,15,1,2,0,4.0,0.0,31.38,-91.73,0.0,0.0,1.0,100,1,1,1,29,0,0,0,0,,
70,1950,05,01,1950-05-01,11:30:00,3,LA,22,16,0,0,0,4.0,0.0,31.75,-92.25,0.0,0.0,1.0,100,1,1,1,59,0,0,0,0,,
71,1950,05,02,1950-05-02,02:00:00,3,LA,22,17,1,1,0,5.0,0.0,31.67,-92.9,32.0,-92.5,32.8,150,1,1,1,43,127,0,0,0,,
72,1950,05,02,1950-05-02,03:00:00,3,LA,22,18,2,5,1,5.0,0.0,31.55,-91.97,0.0,0.0,2.0,100,1,1,1,25,0,0,0,0,,
73,1950,05,04,1950-05-04,20:00:00,3,KS,20,2,1,0,0,4.0,0.0,38.68,-99.32,0.0,0.0,0.1,10,1,1,1,165,0,0,0,0,,
74,1950,05,04,1950-05-04,20:30:00,3,TX,48,13,2,13,1,5.0,0.0,36.4,-100.8,36.42,-100.77,1.9,50,1,1,1,357,0,0,0,0,,
75,1950,05,04,1950-05-04,21:00:00,3,IA,19,1,1,0,0,1.0,0.0,40.95,-95.73,0.0,0.0,0.1,10,1,1,1,129,0,0,0,0,,
76,1950,05,04,1950-05-04,21:30:00,3,OK,40,8,2,0,0,4.0,0.0,35.25,-99.55,35.32,-99.5,5.6,293,1,1,1,9,0,0,0,0,,
77,1950,05,04,1950-05-04,21:30:00,3,OK,40,9,1,0,0,3.0,0.0,35.58,-99.17,0.0,0.0,0.1,10,1,1,1,39,0,0,0,0,,
78,1950,05,04,1950-05-04,21:45:00,3,OK,40,10,2,0,0,5.0,0.0,36.57,-99.57,0.0,0.0,1.0,100,1,1,1,153,0,0,0,0,,
79,1950,05,04,1950-05-04,23:10:00,3,KS,20,3,4,1,0,5.0,0.0,38.03,-99.12,38.45,-98.78,34.3,150,1,1,1,9,145,0,0,0,,
80,1950,05,05,1950-05-05,03:30:00,3,KS,20,4,3,12,0,5.0,0.0,39.62,-95.62,39.85,-95.52,17.3,440,1,1,1,85,13,0,0,0,,
81,1950,05,07,1950-05-07,18:30:00,3,OK,40,11,1,0,0,0.0,0.0,36.3,-99.8,0.0,0.0,0.1,10,1,1,1,45,0,0,0,0,,
82,1950,05,07,1950-05-07,23:00:00,3,OK,40,12,2,3,0,4.0,0.0,36.12,-97.83,36.17,-97.78,4.3,10,1,1,1,73,0,0,0,0,,
83,1950,05,07,1950-05-07,23:00:00,3,OK,40,13,1,0,0,3.0,0.0,36.0,-97.0,0.0,0.0,0.1,10,1,1,1,119,0,0,0,0,,
84,1950,05,08,1950-05-08,04:30:00,3,SD,46,1,1,0,0,3.0,0.0,43.38,-97.97,0.0,0.0,1.0,10,1,1,1,67,0,0,0,0,,
85,1950,05,08,1950-05-08,13:00:00,3,FL,12,2,1,0,0,3.0,0.0,29.13,-81.35,0.0,0.0,0.3,30,1,1,1,127,0,0,0,0,,
86,1950,05,08,1950-05-08,18:30:00,3,KS,20,5,2,0,0,5.0,0.0,39.35,-98.48,39.47,-98.3,12.6,660,1,1,1,123,0,0,0,0,,
87,1950,05,08,1950-05-08,19:00:00,3,KS,20,6,2,1,0,4.0,0.0,39.57,-98.3,39.63,-98.2,6.8,10,1,1,1,89,0,0,0,0,,
88,1950,05,08,1950-05-08,19:20:00,3,IA,19,2,2,0,0,0.0,0.0,41.03,-95.27,41.02,-95.22,0.1,200,1,1,1,137,0,0,0,0,,
89,1950,05,08,1950-05-08,19:30:00,3,KS,20,7,2,2,0,4.0,0.0,39.23,-98.95,39.23,-98.58,19.6,440,1,1,1,141,0,0,0,0,,
90,1950,05,08,1950-05-08,21:17:00,3,KS,20,8,1,1,0,4.0,0.0,39.4,-97.65,0.0,0.0,0.1,10,1,1,1,29,0,0,0,0,,
91,1950,05,08,1950-05-08,21:30:00,3,KS,20,9,1,0,0,0.0,0.0,39.72,-97.77,0.0,0.0,0.1,10,1,1,1,157,0,0,0,0,,
92,1950,05,08,1950-05-08,22:10:00,3,NE,31,1,2,1,0,4.0,0.0,40.38,-95.8,40.28,-95.68,8.8,467,1,1,1,127,0,0,0,0,,
93,1950,05,09,1950-05-09,00:01:00,3,KS,20,10,1,0,0,4.0,0.0,39.2,-96.58,0.0,0.0,0.1,10,1,1,1,161,0,0,0,1,,
94,1950,05,09,1950-05-09,20:20:00,3,OK,40,14,1,0,0,4.0,0.0,34.77,-96.83,0.0,0.0,0.8,200,1,1,1,123,0,0,0,0,,
135,1950,06,13,1950-06-13,03:00:00,3,IL,17,5,1,0,0,4.0,0.0,41.95,-89.77,0.0,0.0,0.1,10,1,1,1,15,0,0,0,0,,
136,1950,06,13,1950-06-13,11:05:00,3,ND,38,1,3,0,0,5.0,0.0,46.8,-97.92,0.0,0.0,2.0,10,1,1,1,17,0,0,0,0,,
137,1950,06,13,1950-06-13,17:30:00,3,NE,31,3,2,101,0,4.0,0.0,42.6,-97.88,42.65,-97.82,4.1,10,1,1,1,107,0,0,0,0,,
138,1950,06,14,1950-06-14,16:00:00,3,WY,56,3,1,0,0,1.0,0.0,44.13,-104.18,0.0,0.0,0.2,10,1,1,1,45,0,0,0,0,,
139,1950,06,14,1950-06-14,17:00:00,3,ND,38,2,3,0,0,4.0,0.0,48.92,-103.77,48.78,-103.28,23.7,10,1,1,1,23,0,0,0,0,,
140,1950,06,15,1950-06-15,01:00:00,3,MO,29,4,1,0,0,3.0,0.0,39.7,-92.07,0.0,0.0,0.2,100,1,1,1,205,0,0,0,0,,
141,1950,06,15,1950-06-15,16:42:00,3,MN,27,1,2,4,0,3.0,0.0,46.58,-96.33,46.52,-96.33,4.6,67,1,1,1,167,0,0,0,0,,
142,1950,06,15,1950-06-15,20:00:00,3,IA,19,3,3,5,0,0.0,0.0,41.98,-93.6,41.97,-93.48,5.6,300,1,1,1,169,0,0,0,0,,
143,1950,06,16,1950-06-16,15:30:00,3,KS,20,19,1,0,0,4.0,0.0,38.28,-101.28,38.7,-101.13,29.9,10,1,1,1,203,0,0,0,0,,
144,1950,06,19,1950-06-19,20:40:00,3,TX,48,20,0,0,0,0.0,0.0,36.08,-102.53,36.08,-102.25,15.8,167,1,1,1,205,0,0,0,0,,
145,1950,06,22,1950-06-22,21:00:00,3,NE,31,4,0,0,0,0.0,0.0,40.18,-98.03,40.2,-97.98,1.9,10,1,1,1,129,0,0,0,0,,
146,1950,06,25,1950-06-25,18:45:00,3,KS,20,20,0,0,0,3.0,0.0,37.77,-97.47,0.0,0.0,0.1,10,1,1,1,173,0,0,0,0,,
147,1950,06,25,1950-06-25,19:20:00,3,WI,55,2,1,0,0,4.0,0.0,45.42,-91.0,0.0,0.0,0.5,10,1,1,1,107,0,0,0,1,,
148,1950,06,25,1950-06-25,20:30:00,3,WI,55,3,2,0,0,5.0,0.0,45.57,-90.3,45.57,-90.12,8.4,10,1,1,1,99,0,0,0,0,,
149,1950,06,25,1950-06-25,21:00:00,3,WI,55,1,2,0,1,4.0,0.0,44.83,-90.35,44.97,-90.28,7.8,17,1,1,1,19,73,0,0,0,,
150,1950,06,25,1950-06-25,21:00:00,3,WI,55,4,4,12,2,5.0,0.0,45.58,-89.58,45.67,-89.33,13.1,880,1,1,1,85,0,0,0,0,,
151,1950,06,25,1950-06-25,21:00:00,3,KS,20,21,0,0,0,3.0,0.0,39.5,-99.62,0.0,0.0,0.1,10,1,1,1,65,0,0,0,0,,
152,1950,06,25,1950-06-25,23:30:00,3,WI,55,5,3,0,0,5.0,0.0,43.95,-88.95,43.97,-88.93,0.1,300,1,1,1,47,0,0,0,0,,
125,1950,06,03,1950-06-03,01:00:00,3,MS,28,13,3,1,2,0.0,0.0,33.08,-89.58,0.0,0.0,2.0,50,1,1,1,7,0,0,0,0,,
126,1950,06,04,1950-06-04,06:00:00,3,GA,13,2,0,0,0,3.0,0.0,33.68,-84.93,0.0,0.0,2.0,200,1,1,1,45,0,0,0,0,,
127,1950,06,04,1950-06-04,08:00:00,3,GA,13,3,1,1,0,4.0,0.0,33.85,-84.25,33.85,-84.2,3.3,10,1,1,1,89,0,0,0,0,,
128,1950,06,05,1950-06-05,15:55:00,3,TX,48,18,3,6,0,5.0,0.0,30.18,-96.4,30.02,-96.05,23.9,67,1,1,1,477,0,0,0,0,,
129,1950,06,05,1950-06-05,16:00:00,3,TX,48,19,1,2,0,6.0,0.0,29.9,-96.4,29.72,-96.07,23.7,10,1,1,1,15,0,0,0,0,,
130,1950,06,07,1950-06-07,15:30:00,3,WY,56,2,1,0,0,1.0,0.0,43.08,-104.5,0.0,0.0,0.2,10,1,1,1,27,0,0,0,0,,
131,1950,06,07,1950-06-07,17:30:00,3,GA,13,4,1,0,0,3.0,0.0,33.03,-84.15,0.0,0.0,2.0,300,1,1,1,171,0,0,0,0,,
132,1950,06,08,1950-06-08,20:10:00,3,KS,20,18,4,5,1,5.0,0.0,38.33,-97.93,38.33,-97.6,17.1,700,1,1,1,159,113,0,0,0,,
133,1950,06,09,1950-06-09,13:00:00,3,MO,29,3,1,0,0,3.0,0.0,38.0,-92.22,38.02,-92.17,2.7,220,1,1,1,169,0,0,0,0,,
134,1950,06,09,1950-06-09,18:25:00,3,OK,40,20,1,0,0,3.0,0.0,36.8,-97.25,0.0,0.0,0.1,100,1,1,1,71,0,0,0,0,,
161,1950,07,11,1950-07-11,17:00:00,3,NM,35,1,1,0,0,2.0,0.0,35.28,-103.52,35.33,-103.48,3.8,500,1,1,1,37,0,0,0,0,,
162,1950,07,12,1950-07-12,16:00:00,3,CT,9,1,2,0,0,3.0,0.0,41.57,-72.57,0.0,0.0,10.0,10,1,1,1,7,0,0,0,0,,
163,1950,07,14,1950-07-14,06:30:00,3,CT,9,2,2,3,0,5.0,0.0,41.27,-73.5,0.0,0.0,5.0,100,1,1,1,1,0,0,0,0,,
164,1950,07,15,1950-07-15,17:30:00,3,NE,31,5,4,33,0,6.0,0.0,41.8,-96.6,41.73,-96.42,10.0,440,1,1,1,21,0,0,0,0,,
165,1950,07,16,1950-07-16,22:15:00,3,IL,17,6,1,0,0,4.0,0.0,41.08,-88.43,0.0,0.0,1.0,33,1,1,1,105,0,0,0,0,,
166,1950,07,18,1950-07-18,16:30:00,3,KS,20,26,1,0,0,0.0,0.0,37.68,-95.52,0.0,0.0,0.1,10,1,1,1,1,0,0,0,0,,
167,1950,07,19,1950-07-19,14:30:00,3,IN,18,2,1,0,0,4.0,0.0,40.22,-87.15,40.18,-87.07,4.3,200,1,1,1,45,107,0,0,0,,
168,1950,07,19,1950-07-19,15:15:00,3,OH,39,2,2,0,0,0.0,0.0,40.8,-84.62,40.82,-84.58,0.1,200,1,1,1,161,0,0,0,0,,
169,1950,07,19,1950-07-19,15:15:00,3,OH,39,3,3,30,0,6.0,0.0,40.72,-84.08,40.83,-83.97,9.7,300,1,1,1,3,0,0,0,0,,
170,1950,07,19,1950-07-19,16:00:00,3,MO,29,5,1,0,0,2.0,0.0,38.42,-92.77,0.0,0.0,1.5,440,1,1,1,141,0,0,0,0,,
171,1950,07,19,1950-07-19,17:45:00,3,IN,18,3,2,0,0,0.0,0.0,41.07,-85.08,41.08,-85.08,1.1,100,1,1,1,3,0,0,0,0,,
172,1950,07,22,1950-07-22,15:07:00,3,CO,8,1,0,0,0,0.0,0.0,40.52,-104.57,0.0,0.0,0.1,10,1,1,1,123,0,0,0,1,,
173,1950,07,24,1950-07-24,14:40:00,3,PA,42,3,0,0,0,3.0,0.0,41.63,-79.68,0.0,0.0,0.1,10,1,1,1,39,0,0,0,0,,
174,1950,07,26,1950-07-26,15:30:00,3,NC,37,7,1,0,0,0.0,0.0,35.53,-77.4,0.0,0.0,0.1,10,1,1,1,147,0,0,0,0,,
175,1950,07,27,1950-07-27,16:20:00,3,NC,37,8,1,0,0,3.0,0.0,35.4,-80.57,0.0,0.0,0.1,10,1,1,1,25,0,0,0,0,,
153,1950,07,01,1950-07-01,12:00:00,3,KS,20,22,2,0,0,4.0,0.0,38.7,-97.08,0.0,0.0,0.1,10,1,1,1,41,0,0,0,0,,
154,1950,07,01,1950-07-01,12:00:00,3,KS,20,23,1,1,0,4.0,0.0,39.3,-96.92,0.0,0.0,0.1,10,1,1,1,161,0,0,0,0,,
155,1950,07,01,1950-07-01,20:00:00,3,IA,19,4,2,0,0,0.0,0.0,42.45,-91.92,0.0,0.0,14.0,10,1,1,1,19,0,0,0,0,,
156,1950,07,02,1950-07-02,19:00:00,3,KS,20,24,2,0,0,6.0,0.0,38.47,-100.88,0.0,0.0,1.0,90,1,1,1,171,0,0,0,0,,
157,1950,07,03,1950-07-03,18:20:00,3,IN,18,1,0,0,0,0.0,0.0,41.65,-86.3,0.0,0.0,0.1,10,1,1,1,141,0,0,0,1,,
158,1950,07,05,1950-07-05,18:00:00,3,PA,42,2,2,2,0,4.0,0.0,40.58,-75.7,40.65,-75.47,12.9,10,1,1,1,77,0,0,0,0,,
159,1950,07,05,1950-07-05,18:30:00,3,PA,42,1,2,0,0,3.0,0.0,40.6,-76.75,0.0,0.0,0.1,13,1,1,1,43,0,0,0,0,,
160,1950,07,08,1950-07-08,22:45:00,3,KS,20,25,1,0,0,4.0,0.0,39.82,-96.8,0.0,0.0,1.0,90,1,1,1,117,0,0,0,0,,
183,1950,08,11,1950-08-11,17:00:00,3,MD,24,1,1,0,0,3.0,0.0,39.33,-75.87,0.0,0.0,6.0,10,1,1,1,29,0,0,0,0,,
184,1950,08,24,1950-08-24,03:45:00,3,AR,5,11,2,7,0,4.0,0.0,34.4,-91.43,34.43,-91.38,3.6,200,1,1,1,1,0,0,0,0,,
185,1950,08,28,1950-08-28,14:50:00,3,KS,20,30,1,0,0,0.0,0.0,37.47,-100.82,37.42,-100.7,7.2,10,1,1,1,81,0,0,0,0,,
186,1950,08,29,1950-08-29,16:00:00,3,PA,42,4,1,0,0,3.0,0.0,40.22,-75.0,0.0,0.0,1.0,10,1,1,1,17,0,0,0,0,,
187,1950,08,30,1950-08-30,16:00:00,3,FL,12,5,1,0,0,4.0,0.0,29.73,-84.98,0.0,0.0,0.5,50,1,1,1,37,0,0,0,0,,
188,1950,08,31,1950-08-31,00:02:00,3,FL,12,6,0,0,0,3.0,0.0,30.8,-85.2,0.0,0.0,0.1,10,1,1,1,63,0,0,0,1,,
176,1950,08,02,1950-08-02,12:30:00,3,NM,35,2,1,0,0,4.0,0.0,34.12,-107.23,34.02,-107.3,7.9,100,1,1,1,53,0,0,0,0,,
177,1950,08,05,1950-08-05,17:30:00,3,CO,8,2,2,1,0,4.0,0.0,40.73,-102.55,40.68,-102.47,0.1,10,1,1,1,115,0,0,0,0,,
178,1950,08,06,1950-08-06,15:00:00,3,KS,20,27,1,0,0,4.0,0.0,39.93,-101.0,0.0,0.0,0.1,10,1,1,1,153,0,0,0,0,,
179,1950,08,06,1950-08-06,18:00:00,3,KS,20,28,2,0,0,3.0,0.0,37.97,-100.77,0.0,0.0,0.1,10,1,1,1,55,0,0,0,0,,
180,1950,08,06,1950-08-06,18:30:00,3,KS,20,29,2,0,0,5.0,0.0,39.13,-100.63,39.12,-100.47,8.7,10,1,1,1,63,0,0,0,0,,
181,1950,08,08,1950-08-08,01:00:00,3,MO,29,6,1,0,0,2.0,0.0,37.13,-93.38,0.0,0.0,2.0,10,1,1,1,77,0,0,0,0,,
182,1950,08,09,1950-08-09,16:55:00,3,WV,54,1,1,0,0,0.0,0.0,39.28,-81.38,0.0,0.0,5.0,10,1,1,1,107,0,0,0,0,,
189,1950,09,15,1950-09-15,17:45:00,3,OK,40,21,2,6,0,5.0,0.0,35.0,-96.25,35.07,-96.17,6.8,100,1,1,1,63,0,0,0,0,,
190,1950,09,16,1950-09-16,01:30:00,3,OK,40,22,0,0,0,2.0,0.0,34.83,-95.85,0.0,0.0,0.1,10,1,1,1,121,0,0,0,0,,
191,1950,09,21,1950-09-21,17:30:00,3,NE,31,6,1,0,0,3.0,0.0,40.72,-96.82,40.72,-96.38,22.5,67,1,1,1,109,0,0,0,0,,
237,1951,10,21,1951-10-21,20:30:00,3,OK,40,43,1,0,0,3.0,0.0,36.53,-97.07,0.0,0.0,2.0,880,1,1,1,103,0,0,0,0,,
238,1951,10,23,1951-10-23,03:00:00,3,AR,5,2,2,4,0,0.0,0.0,35.0,-93.5,0.0,0.0,0.1,10,1,1,1,149,0,0,0,0,,
241,1951,11,13,1951-11-13,13:15:00,3,IL,17,3,2,0,0,4.0,0.0,40.2,-89.72,40.6,-88.98,47.4,50,1,1,1,125,179,113,0,0,,
242,1951,11,13,1951-11-13,13:30:00,3,MO,29,6,3,1,0,4.0,0.0,36.62,-89.75,0.0,0.0,1.0,27,1,1,1,143,0,0,0,0,,
243,1951,11,13,1951-11-13,14:50:00,3,IL,17,4,2,7,0,5.0,0.0,37.9,-89.53,37.97,-89.43,7.1,250,1,1,1,77,145,0,0,0,,
244,1951,11,13,1951-11-13,16:00:00,3,IN,18,4,2,0,0,5.0,0.0,41.6,-87.33,0.0,0.0,0.3,400,1,1,1,89,0,0,0,0,,
245,1951,11,13,1951-11-13,17:50:00,3,KY,21,2,3,11,1,5.0,0.0,37.02,-88.33,0.0,0.0,2.0,10,1,1,1,157,0,0,0,0,,
246,1951,11,14,1951-11-14,22:00:00,3,TN,47,1,2,0,0,4.0,0.0,35.22,-87.03,0.0,0.0,0.2,10,1,1,1,55,0,0,0,0,,
247,1951,11,15,1951-11-15,15:00:00,3,AL,1,3,2,2,0,3.0,0.0,34.2,-86.7,0.0,0.0,0.1,150,1,1,1,43,0,0,0,0,,
248,1951,11,15,1951-11-15,20:00:00,3,AL,1,5,2,6,0,3.0,0.0,34.83,-87.8,0.0,0.0,1.5,177,1,1,1,77,0,0,0,0,,
249,1951,11,16,1951-11-16,01:00:00,3,AL,1,4,2,1,0,3.0,0.0,34.08,-86.52,0.0,0.0,1.5,10,1,1,1,9,0,0,0,0,,
250,1951,11,16,1951-11-16,06:55:00,3,GA,13,3,1,0,0,3.0,0.0,31.53,-84.17,0.0,0.0,0.5,100,1,1,1,95,0,0,0,0,,
239,1951,11,01,1951-11-01,06:40:00,3,VA,51,5,1,0,0,3.0,0.0,37.22,-76.52,0.0,0.0,0.1,230,1,1,1,199,0,0,0,0,,
240,1951,11,01,1951-11-01,07:00:00,3,LA,22,9,1,0,0,4.0,0.0,30.08,-89.8,0.0,0.0,0.3,100,1,1,1,71,0,0,0,0,,
255,1951,12,18,1951-12-18,13:30:00,3,FL,12,6,1,0,0,3.0,0.0,30.35,-81.75,0.0,0.0,0.5,33,1,1,1,31,0,0,0,0,,
256,1951,12,18,1951-12-18,17:00:00,3,MA,25,2,2,0,0,0.0,0.0,41.37,-70.53,0.0,0.0,0.1,10,1,1,1,7,0,0,0,0,,
257,1951,12,18,1951-12-18,17:45:00,3,FL,12,8,2,0,0,4.0,0.0,27.75,-81.8,0.0,0.0,0.1,150,1,1,1,105,0,0,0,0,,
258,1951,12,18,1951-12-18,18:00:00,3,FL,12,9,1,0,0,3.0,0.0,27.77,-82.63,0.0,0.0,2.8,100,1,1,1,103,0,0,0,0,,
259,1951,12,18,1951-12-18,18:30:00,3,FL,12,7,2,0,0,2.0,0.0,27.78,-81.53,0.0,0.0,0.1,10,1,1,1,105,0,0,0,0,,
260,1951,12,20,1951-12-20,15:15:00,3,MS,28,8,1,0,0,4.0,0.0,33.13,-89.05,0.0,0.0,2.0,900,1,1,1,159,0,0,0,1,,
251,1951,12,04,1951-12-04,11:25:00,3,FL,12,5,1,0,0,3.0,0.0,28.12,-82.03,0.0,0.0,0.1,27,1,1,1,105,0,0,0,0,,
252,1951,12,06,1951-12-06,17:40:00,3,OR,41,1,1,0,0,1.0,0.0,44.18,-123.23,0.0,0.0,0.3,50,1,1,1,39,0,0,0,0,,
253,1951,12,06,1951-12-06,18:00:00,3,IL,17,5,3,1,1,5.0,0.0,41.33,-89.18,41.65,-89.12,21.9,150,1,1,1,11,0,0,0,0,,
254,1951,12,08,1951-12-08,17:30:00,3,MS,28,7,0,0,0,3.0,0.0,32.17,-90.8,0.0,0.0,0.5,350,1,1,1,149,0,0,0,1,,
2,1951,01,11,1951-01-11,10:25:00,3,CA,6,1,2,0,0,6.0,0.0,37.37,-122.12,37.42,-122.03,5.7,10,1,1,1,85,0,0,0,0,,
1,1951,01,06,1951-01-06,17:30:00,3,LA,22,1,3,11,0,5.0,0.0,31.3,-92.47,31.53,-92.4,16.8,317,1,1,1,79,43,0,0,0,,
6,1951,02,19,1951-02-19,18:30:00,3,OK,40,1,2,5,0,4.0,0.0,35.27,-98.18,35.83,-97.83,43.9,20,1,1,1,15,17,73,0,0,,
7,1951,02,19,1951-02-19,22:00:00,3,OK,40,2,0,0,0,2.0,0.0,35.15,-97.45,0.0,0.0,0.1,100,1,1,1,27,0,0,0,0,,
8,1951,02,20,1951-02-20,09:15:00,3,AR,5,1,2,0,0,0.0,0.0,0.0,0.0,0.0,0.0,0.0,0,1,0,-9,111,0,0,0,0,,
8,1951,02,20,1951-02-20,09:15:00,3,AR,5,1,2,3,0,4.0,0.0,34.6,-92.02,35.55,-90.4,112.8,333,1,1,1,85,117,147,37,0,,
9,1951,02,20,1951-02-20,15:00:00,3,MS,28,1,3,1,1,3.0,0.0,33.45,-88.87,0.0,0.0,0.1,10,1,1,1,105,0,0,0,0,,
10,1951,02,20,1951-02-20,15:00:00,3,MS,28,2,1,0,0,3.0,0.0,33.47,-88.48,0.0,0.0,0.1,10,1,1,1,87,0,0,0,0,,
11,1951,02,20,1951-02-20,16:00:00,3,AL,1,1,2,2,0,4.0,0.0,33.67,-87.7,0.0,0.0,0.1,123,1,1,1,57,0,0,0,0,,
12,1951,02,20,1951-02-20,18:00:00,3,KY,21,1,2,0,0,4.0,0.0,38.27,-85.05,0.0,0.0,0.1,73,1,1,1,211,0,0,0,0,,
3,1951,02,01,1951-02-01,13:00:00,3,VA,51,1,1,0,0,3.0,0.0,37.37,-78.78,0.0,0.0,0.1,50,1,1,1,11,0,0,0,0,,
4,1951,02,06,1951-02-06,15:50:00,3,LA,22,2,1,0,0,4.0,0.0,30.5,-92.0,0.0,0.0,0.5,33,1,1,1,97,0,0,0,0,,
5,1951,02,06,1951-02-06,17:00:00,3,LA,22,3,1,0,0,4.0,0.0,30.48,-90.42,30.53,-90.37,4.9,33,1,1,1,105,0,0,0,0,,
15,1951,03,12,1951-03-12,17:00:00,3,FL,12,1,2,0,0,4.0,0.0,27.1,-82.48,0.0,0.0,2.0,77,1,1,1,115,0,0,0,0,,
16,1951,03,28,1951-03-28,05:10:00,3,TX,48,1,1,0,0,3.0,0.0,31.37,-95.6,0.0,0.0,0.5,17,1,1,1,225,0,0,0,0,,
17,1951,03,29,1951-03-29,18:30:00,3,IN,18,1,2,2,0,5.0,0.0,39.78,-85.77,39.82,-85.72,3.0,400,1,1,1,59,0,0,0,0,,
18,1951,03,30,1951-03-30,15:00:00,3,PA,42,1,1,0,0,3.0,0.0,39.83,-77.23,0.0,0.0,0.1,20,1,1,1,1,0,0,0,0,,
13,1951,03,02,1951-03-02,16:00:00,3,KS,20,1,3,0,0,4.0,0.0,39.43,-98.55,39.6,-97.87,38.1,10,1,1,1,141,123,29,0,1,,
14,1951,03,02,1951-03-02,20:30:00,3,KS,20,2,0,0,0,2.0,0.0,39.83,-95.72,0.0,0.0,0.1,10,1,1,1,13,0,0,0,1,,
22,1951,04,20,1951-04-20,15:10:00,3,TX,48,2,2,0,0,4.0,0.0,33.92,-98.45,0.0,0.0,1.5,17,1,1,1,485,0,0,0,0,,
23,1951,04,20,1951-04-20,15:30:00,3,KS,20,3,0,0,0,0.0,0.0,37.12,-101.77,0.0,0.0,0.1,10,1,1,1,129,0,0,0,0,,
24,1951,04,21,1951-04-21,12:00:00,3,MS,28,4,1,0,0,4.0,0.0,32.07,-89.52,0.0,0.0,0.1,10,1,1,1,129,0,0,0,0,,
25,1951,04,21,1951-04-21,14:00:00,3,LA,22,4,0,2,0,4.0,0.0,31.72,-92.25,0.0,0.0,1.0,33,1,1,1,59,0,0,0,0,,
26,1951,04,21,1951-04-21,14:00:00,3,LA,22,5,0,1,0,4.0,0.0,32.33,-92.32,0.0,0.0,1.0,33,1,1,1,73,0,0,0,0,,
27,1951,04,21,1951-04-21,19:25:00,3,MS,28,3,3,16,2,4.0,0.0,31.68,-89.25,32.15,-89.12,33.5,10,1,1,1,67,61,0,0,0,,
28,1951,04,24,1951-04-24,17:30:00,3,OK,40,6,0,0,0,0.0,0.0,35.78,-99.0,0.0,0.0,0.1,10,1,1,1,39,0,0,0,0,,
29,1951,04,24,1951-04-24,18:03:00,3,OK,40,7,1,0,0,3.0,0.0,34.63,-99.6,0.0,0.0,2.5,10,1,1,1,65,0,0,0,0,,
30,1951,04,24,1951-04-24,21:00:00,3,OK,40,8,1,0,0,3.0,0.0,36.75,-97.4,0.0,0.0,0.1,10,1,1,1,71,0,0,0,0,,
31,1951,04,26,1951-04-26,18:10:00,3,KS,20,4,0,0,0,3.0,0.0,37.47,-101.52,37.73,-101.1,29.2,10,1,1,1,67,0,0,0,0,,
32,1951,04,26,1951-04-26,18:15:00,3,KS,20,5,1,0,0,3.0,0.0,37.17,-101.62,0.0,0.0,0.1,10,1,1,1,129,0,0,0,0,,
33,1951,04,26,1951-04-26,19:15:00,3,KS,20,6,0,0,0,0.0,0.0,37.07,-100.93,0.0,0.0,1.0,10,1,1,1,175,0,0,0,0,,
34,1951,04,26,1951-04-26,19:15:00,3,OK,40,9,1,0,0,2.0,0.0,36.82,-100.53,0.0,0.0,0.1,10,1,1,1,7,0,0,0,0,,
35,1951,04,26,1951-04-26,19:30:00,3,KS,20,7,1,0,0,3.0,0.0,37.08,-101.77,0.0,0.0,0.1,10,1,1,1,129,0,0,0,0,,
36,1951,04,27,1951-04-27,14:20:00,3,OK,40,10,1,2,0,3.0,0.0,36.33,-98.2,0.0,0.0,0.8,200,1,1,1,93,0,0,0,0,,
37,1951,04,28,1951-04-28,20:55:00,3,OH,39,1,2,5,0,6.0,0.0,41.0,-83.67,41.1,-83.4,15.2,10,1,1,1,63,0,0,0,0,,
38,1951,04,29,1951-04-29,18:15:00,3,NJ,34,1,1,2,0,4.0,0.0,40.9,-74.6,0.0,0.0,0.5,400,1,1,1,27,0,0,0,0,,
39,1951,04,30,1951-04-30,05:30:00,3,KS,20,8,3,0,0,5.0,0.0,37.63,-98.75,37.77,-98.58,12.8,440,1,1,1,151,0,0,0,0,,
40,1951,04,30,1951-04-30,09:00:00,3,NE,31,1,1,0,0,3.0,0.0,41.08,-98.0,0.0,0.0,0.3,50,1,1,1,121,0,0,0,0,,
41,1951,04,30,1951-04-30,20:30:00,3,OK,40,11,1,0,0,3.0,0.0,34.62,-98.08,0.0,0.0,0.1,10,1,1,1,137,0,0,0,0,,
42,1951,04,30,1951-04-30,21:30:00,3,OK,40,12,3,0,0,5.0,0.0,35.43,-97.58,35.5,-97.48,7.4,200,1,1,1,109,0,0,0,0,,
43,1951,04,30,1951-04-30,21:30:00,3,OK,40,13,2,0,0,4.0,0.0,35.5,-97.58,0.0,0.0,1.5,200,1,1,1,109,0,0,0,0,,
44,1951,04,30,1951-04-30,23:45:00,3,KS,20,9,0,0,0,3.0,0.0,37.1,-96.5,0.0,0.0,0.1,10,1,1,1,19,0,0,0,1,,
19,1951,04,05,1951-04-05,13:20:00,3,OK,40,3,2,0,0,4.0,0.0,35.32,-97.55,35.37,-97.47,5.7,127,1,1,1,27,0,0,0,0,,
20,1951,04,05,1951-04-05,13:22:00,3,OK,40,4,2,2,0,5.0,0.0,35.23,-97.72,0.0,0.0,0.2,100,1,1,1,51,0,0,0,0,,
21,1951,04,05,1951-04-05,16:45:00,3,OK,40,5,2,2,0,3.0,0.0,36.53,-98.92,36.57,-98.87,3.6,33,1,1,1,151,0,0,0,0,,
54,1951,05,11,1951-05-11,13:30:00,3,PA,42,2,2,1,0,4.0,0.0,40.12,-79.12,40.05,-78.98,8.0,10,1,1,1,111,0,0,0,0,,
55,1951,05,11,1951-05-11,15:00:00,3,VA,51,2,1,0,0,4.0,0.0,37.55,-76.73,0.0,0.0,0.1,10,1,1,1,97,0,0,0,0,,
56,1951,05,13,1951-05-13,19:00:00,3,NE,31,2,0,0,0,3.0,0.0,41.58,-99.93,0.0,0.0,0.1,10,1,1,1,41,0,0,0,0,,
57,1951,05,13,1951-05-13,22:00:00,3,KS,20,15,1,0,0,3.0,0.0,39.08,-99.5,0.0,0.0,0.1,10,1,1,1,51,0,0,0,0,,
58,1951,05,14,1951-05-14,17:30:00,3,KS,20,16,2,0,0,0.0,0.0,39.37,-101.37,0.0,0.0,0.1,10,1,1,1,193,0,0,0,0,,
59,1951,05,14,1951-05-14,18:00:00,3,OK,40,16,2,0,0,3.0,0.0,36.9,-101.9,0.0,0.0,0.1,10,1,1,1,139,0,0,0,0,,
60,1951,05,14,1951-05-14,18:00:00,3,OK,40,17,2,0,0,0.0,0.0,36.87,-101.9,0.0,0.0,0.1,10,1,1,1,139,0,0,0,0,,
61,1951,05,14,1951-05-14,18:30:00,3,KS,20,17,2,0,0,0.0,0.0,37.0,-101.9,0.0,0.0,0.1,10,1,1,1,129,0,0,0,0,,
62,1951,05,14,1951-05-14,19:30:00,3,KS,20,18,3,4,0,3.0,0.0,39.78,-101.33,0.0,0.0,0.1,10,1,1,1,153,0,0,0,0,,
63,1951,05,15,1951-05-15,18:30:00,3,TX,48,4,1,0,0,2.0,0.0,34.5,-102.3,0.0,0.0,0.1,10,1,1,1,69,0,0,0,0,,
64,1951,05,16,1951-05-16,10:00:00,3,OK,40,18,0,0,0,0.0,0.0,35.2,-99.87,0.0,0.0,0.1,10,1,1,1,9,0,0,0,0,,
65,1951,05,17,1951-05-17,18:35:00,3,CO,8,1,0,0,0,1.0,0.0,39.33,-104.62,0.0,0.0,0.1,10,1,1,1,39,35,0,0,1,,
66,1951,05,18,1951-05-18,15:45:00,3,TX,48,5,4,100,2,6.0,0.0,33.42,-98.75,0.0,0.0,2.0,200,1,1,1,503,0,0,0,0,,
67,1951,05,18,1951-05-18,17:30:00,3,OK,40,19,1,0,0,3.0,0.0,34.78,-98.28,0.0,0.0,0.1,10,1,1,1,31,0,0,0,0,,
68,1951,05,18,1951-05-18,17:30:00,3,OK,40,20,1,0,0,3.0,0.0,34.78,-98.27,0.0,0.0,0.1,10,1,1,1,31,0,0,0,0,,
69,1951,05,18,1951-05-18,17:30:00,3,OK,40,21,1,0,0,3.0,0.0,34.78,-98.23,0.0,0.0,0.1,10,1,1,1,31,0,0,0,0,,
70,1951,05,19,1951-05-19,19:15:00,3,OK,40,22,1,0,0,3.0,0.0,35.33,-99.87,0.0,0.0,0.1,10,1,1,1,9,0,0,0,0,,
71,1951,05,19,1951-05-19,19:30:00,3,OK,40,23,2,0,0,3.0,0.0,36.0,-98.95,0.0,0.0,2.0,67,1,1,1,43,0,0,0,0,,
72,1951,05,19,1951-05-19,20:12:00,3,OK,40,24,0,0,0,0.0,0.0,35.43,-99.63,0.0,0.0,0.1,220,1,1,1,9,0,0,0,0,,
73,1951,05,20,1951-05-20,14:00:00,3,CO,8,2,0,0,0,1.0,0.0,40.98,-102.27,0.0,0.0,0.1,10,1,1,1,115,0,0,0,0,,
74,1951,05,20,1951-05-20,15:00:00,3,CO,8,3,1,0,0,2.0,0.0,40.98,-102.27,41.05,-102.08,10.3,10,1,1,1,115,0,0,0,0,,
75,1951,05,20,1951-05-20,15:00:00,3,CO,8,4,0,0,0,2.0,0.0,40.98,-102.27,41.02,-102.15,6.1,10,1,1,1,115,0,0,0,0,,
76,1951,05,20,1951-05-20,19:00:00,3,KS,20,19,3,0,0,5.0,0.0,37.9,-101.2,38.02,-101.02,12.8,900,1,1,1,93,55,0,0,0,,
77,1951,05,20,1951-05-20,19:00:00,3,KS,20,20,2,0,0,4.0,0.0,37.97,-101.25,0.0,0.0,1.0,10,1,1,1,93,0,0,0,0,,
78,1951,05,20,1951-05-20,19:00:00,3,KS,20,21,3,0,0,2.0,0.0,39.78,-101.38,0.0,0.0,0.1,10,1,1,1,153,0,0,0,0,,
79,1951,05,21,1951-05-21,01:00:00,3,KS,20,22,2,0,0,2.0,0.0,39.03,-96.97,0.0,0.0,0.1,10,1,1,1,61,0,0,0,0,,
80,1951,05,21,1951-05-21,19:00:00,3,KS,20,23,1,0,0,3.0,0.0,37.53,-101.75,0.0,0.0,0.1,10,1,1,1,187,0,0,0,0,,
81,1951,05,23,1951-05-23,04:23:00,3,GA,13,2,1,0,0,4.0,0.0,31.83,-81.5,0.0,0.0,0.3,300,1,1,1,179,0,0,0,0,,
82,1951,05,23,1951-05-23,15:30:00,3,GA,13,1,2,0,0,4.0,0.0,31.3,-83.83,31.27,-83.68,9.2,50,1,1,1,71,0,0,0,0,,
83,1951,05,24,1951-05-24,17:00:00,3,TX,48,6,1,0,1,3.0,0.0,33.37,-99.9,0.0,0.0,0.5,20,1,1,1,207,0,0,0,0,,
84,1951,05,25,1951-05-25,14:30:00,3,KS,20,24,1,0,0,3.0,0.0,39.45,-97.5,0.0,0.0,0.1,10,1,1,1,29,0,0,0,0,,
85,1951,05,25,1951-05-25,16:00:00,3,KS,20,25,3,0,1,5.0,0.0,39.27,-97.18,39.32,-97.13,4.1,440,1,1,1,27,0,0,0,0,,
86,1951,05,25,1951-05-25,18:00:00,3,KS,20,26,2,0,0,3.0,0.0,39.93,-97.43,0.0,0.0,0.1,10,1,1,1,157,0,0,0,0,,
87,1951,05,25,1951-05-25,21:00:00,3,MO,29,1,1,0,0,3.0,0.0,40.4,-95.17,0.0,0.0,0.2,10,1,1,1,147,0,0,0,0,,
88,1951,05,26,1951-05-26,09:30:00,3,FL,12,2,1,0,3,5.0,0.0,29.85,-84.68,0.0,0.0,0.1,10,1,1,1,37,0,0,0,0,,
89,1951,05,26,1951-05-26,12:30:00,3,FL,12,3,1,0,0,4.0,0.0,30.18,-82.63,0.0,0.0,0.1,10,1,1,1,23,0,0,0,1,,
90,1951,05,30,1951-05-30,14:34:00,3,NE,31,3,2,7,0,0.0,0.0,41.9,-103.5,41.73,-103.18,19.7,10,1,1,1,157,0,0,0,0,,
91,1951,05,30,1951-05-30,18:20:00,3,NE,31,4,1,0,0,0.0,0.0,40.47,-101.55,0.0,0.0,2.0,33,1,1,1,29,0,0,0,0,,
92,1951,05,30,1951-05-30,20:00:00,3,KS,20,27,1,0,0,4.0,0.0,38.83,-99.27,38.87,-99.32,3.0,10,1,1,1,51,0,0,0,0,,
94,1951,05,30,1951-05-30,22:50:00,3,KS,20,29,1,0,0,3.0,0.0,39.13,-97.05,39.22,-96.93,8.3,10,1,1,1,27,61,0,0,0,,
95,1951,05,30,1951-05-30,22:50:00,3,KS,20,30,0,0,0,3.0,0.0,39.28,-97.02,0.0,0.0,0.1,10,1,1,1,27,0,0,0,0,,
97,1951,05,30,1951-05-30,22:50:00,3,KS,20,32,1,0,0,3.0,0.0,39.35,-96.45,39.4,-96.32,7.7,10,1,1,1,149,0,0,0,0,,
99,1951,05,30,1951-05-30,22:50:00,3,KS,20,34,0,0,0,3.0,0.0,39.47,-95.73,0.0,0.0,0.1,10,1,1,1,85,0,0,0,1,,
98,1951,05,30,1951-05-30,22:50:00,3,KS,20,33,0,0,0,3.0,0.0,39.4,-96.03,0.0,0.0,0.1,10,1,1,1,149,0,0,0,1,,
96,1951,05,30,1951-05-30,22:50:00,3,KS,20,31,0,0,0,3.0,0.0,39.25,-96.58,0.0,0.0,0.1,10,1,1,1,161,0,0,0,1,,
93,1951,05,30,1951-05-30,22:50:00,3,KS,20,28,0,0,0,3.0,0.0,39.4,-97.18,0.0,0.0,0.1,10,1,1,1,27,0,0,0,1,,
100,1951,05,31,1951-05-31,16:00:00,3,TX,48,7,1,0,0,4.0,0.0,35.77,-101.38,0.0,0.0,0.5,17,1,1,1,233,0,0,0,0,,
101,1951,05,31,1951-05-31,23:45:00,3,KS,20,35,2,0,0,3.0,0.0,39.37,-95.4,39.4,-95.35,3.0,440,1,1,1,87,0,0,0,0,,
45,1951,05,02,1951-05-02,19:30:00,3,KS,20,10,1,0,0,2.0,0.0,39.03,-95.8,0.0,0.0,0.1,10,1,1,1,177,0,0,0,0,,
46,1951,05,02,1951-05-02,20:30:00,3,KS,20,11,1,0,0,2.0,0.0,39.4,-95.4,0.0,0.0,0.1,10,1,1,1,5,0,0,0,0,,
47,1951,05,03,1951-05-03,13:35:00,3,MI,26,1,2,0,0,5.0,0.0,42.7,-84.05,42.73,-84.0,2.3,150,1,1,1,93,0,0,0,0,,
48,1951,05,08,1951-05-08,18:00:00,3,KS,20,12,1,0,0,2.0,0.0,38.38,-101.55,0.0,0.0,0.1,10,1,1,1,203,0,0,0,0,,
49,1951,05,09,1951-05-09,07:00:00,3,KS,20,13,1,0,0,2.0,0.0,39.3,-95.5,39.33,-95.47,2.3,10,1,1,1,87,0,0,0,0,,
50,1951,05,09,1951-05-09,17:00:00,3,TX,48,3,2,0,0,4.0,0.0,33.93,-98.68,33.93,-98.77,4.9,33,1,1,1,485,0,0,0,0,,
51,1951,05,09,1951-05-09,18:30:00,3,OK,40,14,1,0,0,3.0,0.0,34.45,-98.32,0.0,0.0,0.1,10,1,1,1,33,0,0,0,0,,
52,1951,05,09,1951-05-09,20:20:00,3,OK,40,15,2,1,0,4.0,0.0,34.0,-96.6,34.18,-96.47,14.8,100,1,1,1,13,95,69,0,0,,
53,1951,05,09,1951-05-09,21:00:00,3,KS,20,14,0,0,0,0.0,0.0,38.78,-95.55,0.0,0.0,0.1,10,1,1,1,139,0,0,0,0,,
136,1951,06,13,1951-06-13,15:05:00,3,VA,51,3,2,12,0,5.0,0.0,37.55,-77.48,37.6,-77.43,4.1,350,1,1,1,760,0,0,0,0,,
137,1951,06,13,1951-06-13,15:30:00,3,NC,37,2,1,0,0,4.0,0.0,34.4,-77.53,0.0,0.0,1.0,20,1,1,1,141,0,0,0,0,,
138,1951,06,14,1951-06-14,11:30:00,3,ND,38,1,0,0,0,0.0,0.0,46.77,-100.45,0.0,0.0,0.1,10,1,1,1,15,0,0,0,1,,
139,1951,06,14,1951-06-14,21:00:00,3,CO,8,6,1,0,0,3.0,0.0,39.0,-104.25,0.0,0.0,0.1,10,1,1,1,41,0,0,0,0,,
140,1951,06,15,1951-06-15,19:15:00,3,KS,20,48,0,0,0,1.0,0.0,39.07,-95.82,0.0,0.0,0.5,100,1,1,1,177,0,0,0,0,,
141,1951,06,15,1951-06-15,22:20:00,3,TX,48,13,1,6,0,5.0,0.0,32.45,-100.02,32.45,-99.93,4.9,20,1,1,1,441,0,0,0,0,,
142,1951,06,16,1951-06-16,00:30:00,3,TX,48,14,2,0,0,4.0,0.0,32.45,-97.42,32.45,-97.17,14.5,20,1,1,1,251,0,0,0,0,,
143,1951,06,17,1951-06-17,15:00:00,3,KS,20,49,0,0,0,3.0,0.0,38.0,-101.78,0.0,0.0,0.1,10,1,1,1,75,0,0,0,1,,
144,1951,06,17,1951-06-17,22:00:00,3,KS,20,50,0,0,0,0.0,0.0,39.07,-100.23,0.0,0.0,0.7,10,1,1,1,63,0,0,0,0,,
145,1951,06,17,1951-06-17,22:30:00,3,KS,20,51,0,0,0,0.0,0.0,39.07,-100.3,0.0,0.0,0.1,10,1,1,1,63,0,0,0,1,,
146,1951,06,17,1951-06-17,23:00:00,3,KS,20,52,0,0,0,3.0,0.0,38.62,-95.08,0.0,0.0,0.1,10,1,1,1,59,0,0,0,1,,
147,1951,06,18,1951-06-18,18:00:00,3,CO,8,7,2,0,0,2.0,0.0,38.15,-103.97,38.18,-103.42,29.9,10,1,1,1,25,89,0,0,1,,
148,1951,06,19,1951-06-19,16:00:00,3,IA,19,2,1,0,0,0.0,0.0,43.38,-96.25,0.0,0.0,0.5,17,1,1,1,119,0,0,0,0,,
149,1951,06,19,1951-06-19,17:30:00,3,MN,27,1,4,20,1,6.0,0.0,44.88,-94.37,45.22,-93.35,52.6,330,1,1,1,85,171,53,3,0,,
150,1951,06,19,1951-06-19,17:45:00,3,NE,31,5,1,0,0,3.0,0.0,42.95,-103.88,42.98,-103.78,4.7,110,1,1,1,165,0,0,0,0,,
151,1951,06,19,1951-06-19,18:00:00,3,KS,20,53,0,0,0,3.0,0.0,37.1,-99.1,0.0,0.0,0.1,10,1,1,1,33,0,0,0,1,,
152,1951,06,19,1951-06-19,20:50:00,3,WI,55,1,2,0,0,4.0,0.0,43.62,-88.5,0.0,0.0,1.0,467,1,1,1,27,0,0,0,0,,
153,1951,06,20,1951-06-20,22:00:00,3,KS,20,54,2,0,0,4.0,0.0,38.47,-101.37,38.48,-100.47,48.6,10,1,1,1,203,171,101,0,0,,
154,1951,06,20,1951-06-20,22:00:00,3,KS,20,55,1,0,0,0.0,0.0,39.28,-100.95,0.0,0.0,0.1,10,1,1,1,193,0,0,0,0,,
155,1951,06,20,1951-06-20,23:20:00,3,OK,40,34,1,0,0,5.0,0.0,36.3,-98.18,0.0,0.0,0.1,10,1,1,1,93,0,0,0,0,,
156,1951,06,21,1951-06-21,01:00:00,3,KS,20,57,1,0,0,0.0,0.0,39.37,-98.88,39.4,-98.47,22.2,10,1,1,1,141,123,0,0,1,,
157,1951,06,21,1951-06-21,17:00:00,3,OK,40,35,1,0,0,3.0,0.0,36.63,-102.78,36.67,-102.72,4.3,10,1,1,1,25,0,0,0,0,,
158,1951,06,21,1951-06-21,19:50:00,3,IN,18,2,3,4,0,6.0,0.0,41.12,-86.48,41.12,-86.35,5.4,1760,1,1,1,131,49,0,0,0,,
159,1951,06,21,1951-06-21,23:00:00,3,KS,20,56,2,0,0,0.0,0.0,38.53,-99.32,0.0,0.0,0.1,10,1,1,1,165,0,0,0,0,,
160,1951,06,22,1951-06-22,02:00:00,3,KS,20,58,0,0,0,2.0,0.0,37.83,-96.3,0.0,0.0,0.1,10,1,1,1,73,0,0,0,1,,
161,1951,06,22,1951-06-22,15:30:00,3,OH,39,2,2,0,0,6.0,0.0,41.42,-81.85,0.0,0.0,1.0,100,1,1,1,35,0,0,0,0,,
163,1951,06,23,1951-06-23,22:00:00,3,KS,20,60,2,5,1,4.0,0.0,37.18,-101.35,0.0,0.0,0.1,10,1,1,1,189,0,0,0,0,,
162,1951,06,23,1951-06-23,22:00:00,3,KS,20,59,1,0,1,4.0,0.0,37.12,-101.62,0.0,0.0,0.1,10,1,1,1,129,0,0,0,1,,
164,1951,06,24,1951-06-24,14:00:00,3,SC,45,1,1,0,0,4.0,0.0,33.32,-81.13,0.0,0.0,0.1,10,1,1,1,9,0,0,0,0,,
165,1951,06,25,1951-06-25,15:00:00,3,MN,27,2,2,0,0,5.0,0.0,43.57,-94.77,43.6,-94.48,14.2,10,1,1,1,91,0,0,0,0,,
166,1951,06,25,1951-06-25,15:30:00,3,NE,31,6,2,1,0,0.0,0.0,41.1,-103.05,41.22,-102.92,10.4,57,1,1,1,33,0,0,0,0,,
167,1951,06,25,1951-06-25,17:07:00,3,IA,19,3,2,8,0,0.0,0.0,43.22,-93.8,0.0,0.0,0.8,500,1,1,1,81,0,0,0,0,,
168,1951,06,25,1951-06-25,17:45:00,3,CO,8,8,1,1,0,0.0,0.0,40.85,-102.5,40.58,-102.33,20.2,10,1,1,1,115,0,0,0,0,,
169,1951,06,26,1951-06-26,14:45:00,3,WV,54,1,1,1,0,0.0,0.0,39.13,-81.7,39.13,-81.7,0.1,250,1,1,1,107,0,0,0,0,,
170,1951,06,26,1951-06-26,18:00:00,3,MI,26,3,1,0,0,4.0,0.0,43.67,-84.33,0.0,0.0,0.1,10,1,1,1,111,0,0,0,0,,
171,1951,06,27,1951-06-27,00:10:00,3,KS,20,61,4,100,5,6.0,0.0,39.03,-99.88,0.0,0.0,0.8,300,1,1,1,195,0,0,0,0,,
172,1951,06,27,1951-06-27,01:00:00,3,KS,20,62,1,0,0,3.0,0.0,38.87,-99.37,0.0,0.0,0.1,10,1,1,1,51,0,0,0,0,,
173,1951,06,27,1951-06-27,06:00:00,3,OH,39,3,1,0,0,6.0,0.0,39.5,-84.58,39.53,-84.5,4.7,10,1,1,1,17,0,0,0,0,,
174,1951,06,27,1951-06-27,15:00:00,3,VA,51,4,1,0,0,3.0,0.0,37.12,-76.53,0.0,0.0,0.1,10,1,1,1,700,0,0,0,0,,
175,1951,06,27,1951-06-27,19:30:00,3,IL,17,1,3,35,0,6.0,0.0,39.95,-89.17,39.95,-88.98,9.6,300,1,1,1,107,115,0,0,0,,
176,1951,06,27,1951-06-27,20:45:00,3,IL,17,2,3,15,1,6.0,0.0,40.27,-89.47,40.27,-89.12,18.2,200,1,1,1,107,0,0,0,0,,
177,1951,06,27,1951-06-27,22:04:00,3,PA,42,3,2,0,0,3.0,0.0,40.58,-79.25,40.87,-79.18,19.7,10,1,1,1,5,63,0,0,0,,
102,1951,06,01,1951-06-01,18:00:00,3,MI,26,2,1,1,0,3.0,0.0,42.75,-84.75,0.0,0.0,0.5,10,1,1,1,45,0,0,0,0,,
103,1951,06,01,1951-06-01,20:00:00,3,KS,20,36,1,0,0,3.0,0.0,39.73,-97.98,39.78,-97.78,11.0,10,1,1,1,157,0,0,0,0,,
104,1951,06,01,1951-06-01,21:15:00,3,IA,19,1,3,7,0,0.0,0.0,42.07,-92.92,0.0,0.0,1.5,880,1,1,1,127,0,0,0,0,,
105,1951,06,05,1951-06-05,15:30:00,3,NM,35,1,0,0,0,5.0,0.0,33.1,-104.8,0.0,0.0,2.0,10,1,1,1,5,0,0,0,0,,
106,1951,06,05,1951-06-05,18:00:00,3,OK,40,25,2,0,0,3.0,0.0,36.53,-101.8,0.0,0.0,0.1,10,1,1,1,139,0,0,0,0,,
107,1951,06,06,1951-06-06,13:30:00,3,CO,8,5,2,1,0,4.0,0.0,38.73,-103.58,38.77,-103.5,4.7,217,1,1,1,73,0,0,0,0,,
108,1951,06,06,1951-06-06,16:30:00,3,KS,20,37,2,3,0,3.0,0.0,37.58,-101.33,0.0,0.0,0.1,10,1,1,1,67,0,0,0,0,,
109,1951,06,06,1951-06-06,18:00:00,3,KS,20,38,1,0,0,4.0,0.0,38.88,-99.92,38.93,-99.88,3.0,400,1,1,1,195,0,0,0,0,,
110,1951,06,06,1951-06-06,18:20:00,3,TX,48,8,1,0,0,4.0,0.0,35.23,-101.82,0.0,0.0,0.1,10,1,1,1,375,0,0,0,1,,
111,1951,06,06,1951-06-06,18:50:00,3,TX,48,9,0,0,0,1.0,0.0,35.62,-101.47,0.0,0.0,0.1,10,1,1,1,65,0,0,0,1,,
112,1951,06,06,1951-06-06,19:30:00,3,KS,20,39,3,3,0,4.0,0.0,37.58,-101.37,37.03,-100.93,44.8,10,1,1,1,67,81,175,0,0,,
116,1951,06,06,1951-06-06,19:30:00,3,KS,20,43,0,0,0,0.0,0.0,37.77,-98.57,0.0,0.0,0.1,10,1,1,1,151,0,0,0,1,,
115,1951,06,06,1951-06-06,19:30:00,3,KS,20,42,0,0,0,0.0,0.0,37.52,-98.82,0.0,0.0,0.1,10,1,1,1,151,0,0,0,1,,
114,1951,06,06,1951-06-06,19:30:00,3,KS,20,41,1,0,0,0.0,0.0,37.63,-98.9,37.65,-98.73,9.0,10,1,1,1,151,0,0,0,1,,
113,1951,06,06,1951-06-06,19:30:00,3,KS,20,40,1,0,0,4.0,0.0,37.78,-98.87,0.0,0.0,0.1,10,1,1,1,151,0,0,0,1,,
117,1951,06,06,1951-06-06,20:00:00,3,KS,20,44,1,0,0,0.0,0.0,39.18,-99.03,0.0,0.0,0.1,10,1,1,1,141,0,0,0,0,,
118,1951,06,06,1951-06-06,20:06:00,3,TX,48,10,3,12,0,5.0,0.0,35.43,-101.18,35.32,-101.07,10.4,100,1,1,1,65,0,0,0,0,,
119,1951,06,06,1951-06-06,20:40:00,3,TX,48,11,0,0,0,3.0,0.0,35.55,-100.97,0.0,0.0,0.1,10,1,1,1,179,0,0,0,0,,
120,1951,06,06,1951-06-06,20:50:00,3,TX,48,12,2,0,0,5.0,0.0,34.43,-100.2,34.43,-100.13,3.6,1760,1,1,1,75,0,0,0,0,,
121,1951,06,06,1951-06-06,21:30:00,3,OK,40,26,0,0,0,2.0,0.0,34.83,-99.47,0.0,0.0,0.2,33,1,1,1,55,0,0,0,0,,
122,1951,06,06,1951-06-06,22:00:00,3,KS,20,45,1,0,0,3.0,0.0,37.68,-97.12,0.0,0.0,0.1,10,1,1,1,15,0,0,0,0,,
123,1951,06,06,1951-06-06,23:50:00,3,OK,40,27,2,0,0,3.0,0.0,34.7,-97.7,34.73,-97.65,3.8,450,1,1,1,51,0,0,0,0,,
124,1951,06,07,1951-06-07,17:00:00,3,OK,40,28,2,0,0,4.0,0.0,34.5,-99.0,0.0,0.0,0.5,100,1,1,1,141,0,0,0,0,,
125,1951,06,07,1951-06-07,18:15:00,3,OK,40,29,1,1,0,4.0,0.0,36.45,-95.75,36.48,-95.65,5.7,33,1,1,1,131,0,0,0,0,,
126,1951,06,07,1951-06-07,22:55:00,3,OK,40,30,2,1,0,1.0,0.0,35.57,-95.27,0.0,0.0,0.1,10,1,1,1,101,0,0,0,0,,
127,1951,06,08,1951-06-08,09:00:00,3,AL,1,2,2,2,0,3.0,0.0,34.97,-86.43,0.0,0.0,0.1,100,1,1,1,89,0,0,0,0,,
128,1951,06,08,1951-06-08,13:30:00,3,KS,20,46,1,0,0,2.0,0.0,38.42,-95.62,0.0,0.0,0.8,600,1,1,1,31,0,0,0,0,,
129,1951,06,08,1951-06-08,17:00:00,3,KS,20,47,2,0,0,3.0,0.0,38.88,-95.35,0.0,0.0,0.1,10,1,1,1,45,0,0,0,0,,
130,1951,06,08,1951-06-08,17:45:00,3,MO,29,2,1,0,0,3.0,0.0,37.93,-91.88,0.0,0.0,0.1,10,1,1,1,161,0,0,0,0,,
131,1951,06,08,1951-06-08,18:30:00,3,OK,40,31,3,0,0,5.0,0.0,35.38,-98.8,35.33,-98.62,10.9,173,1,1,1,149,0,0,0,0,,
132,1951,06,08,1951-06-08,19:14:00,3,OK,40,32,1,0,0,4.0,0.0,36.67,-97.33,0.0,0.0,0.3,200,1,1,1,71,0,0,0,0,,
133,1951,06,08,1951-06-08,19:15:00,3,OK,40,33,1,0,0,3.0,0.0,34.37,-98.72,0.0,0.0,0.1,10,1,1,1,141,0,0,0,0,,
134,1951,06,09,1951-06-09,05:30:00,3,MS,28,5,0,0,0,3.0,0.0,32.9,-90.72,0.0,0.0,2.0,10,1,1,1,125,0,0,0,1,,
135,1951,06,09,1951-06-09,17:00:00,3,NC,37,1,1,0,0,4.0,0.0,36.0,-78.33,36.03,-78.28,3.8,30,1,1,1,69,0,0,0,0,,
189,1951,07,13,1951-07-13,20:00:00,3,NE,31,8,0,0,0,0.0,0.0,41.23,-102.58,0.0,0.0,0.1,10,1,1,1,49,0,0,0,0,,
190,1951,07,15,1951-07-15,16:20:00,3,OK,40,36,2,0,0,2.0,0.0,34.8,-94.8,0.0,0.0,0.1,100,1,1,1,73,0,0,0,0,,
191,1951,07,15,1951-07-15,16:20:00,3,OK,40,37,0,0,0,0.0,0.0,34.8,-94.8,0.0,0.0,0.1,100,1,1,1,73,0,0,0,0,,
192,1951,07,15,1951-07-15,16:20:00,3,OK,40,38,0,0,0,0.0,0.0,34.8,-94.8,0.0,0.0,0.1,100,1,1,1,73,0,0,0,0,,
193,1951,07,17,1951-07-17,17:45:00,3,IA,19,4,1,2,0,0.0,0.0,43.18,-95.87,0.0,0.0,0.1,10,1,1,1,141,0,0,0,0,,
194,1951,07,20,1951-07-20,18:15:00,3,SD,46,2,2,4,0,0.0,0.0,44.9,-96.08,0.0,0.0,1.0,10,1,1,1,29,0,0,0,0,,
195,1951,07,20,1951-07-20,21:00:00,3,MN,27,3,3,40,5,7.0,0.0,44.93,-93.5,44.88,-93.27,11.6,10,1,1,1,53,0,0,0,0,,
196,1951,07,21,1951-07-21,11:00:00,3,PA,42,4,0,0,0,2.0,0.0,41.8,-76.47,0.0,0.0,0.1,10,1,1,1,15,0,0,0,0,,
197,1951,07,21,1951-07-21,22:00:00,3,MI,26,4,2,0,0,4.0,0.0,42.15,-83.55,0.0,0.0,0.5,217,1,1,1,161,0,0,0,0,,
198,1951,07,22,1951-07-22,00:50:00,3,KS,20,65,2,0,0,3.0,0.0,39.48,-97.58,39.4,-97.48,7.7,10,1,1,1,29,0,0,0,1,,
199,1951,07,22,1951-07-22,15:20:00,3,FL,12,4,2,0,0,3.0,0.0,27.73,-82.43,0.0,0.0,0.1,10,1,1,1,57,0,0,0,0,,
200,1951,07,27,1951-07-27,15:30:00,3,OK,40,39,1,0,0,3.0,0.0,36.13,-99.8,0.0,0.0,0.1,10,1,1,1,45,0,0,0,0,,
178,1951,07,02,1951-07-02,00:15:00,3,TX,48,15,2,0,0,5.0,0.0,34.18,-102.12,0.0,0.0,1.0,20,1,1,1,279,0,0,0,0,,
179,1951,07,03,1951-07-03,20:00:00,3,WI,55,2,2,0,0,4.0,0.0,43.48,-90.23,0.0,0.0,0.5,50,1,1,1,103,0,0,0,0,,
180,1951,07,04,1951-07-04,01:00:00,3,MO,29,3,2,1,0,5.0,0.0,37.15,-94.47,0.0,0.0,0.1,100,1,1,1,97,0,0,0,0,,
181,1951,07,04,1951-07-04,21:00:00,3,KS,20,63,0,0,0,3.0,0.0,37.58,-99.6,0.0,0.0,0.1,10,1,1,1,57,0,0,0,1,,
182,1951,07,06,1951-07-06,11:00:00,3,NC,37,3,1,0,0,4.0,0.0,33.92,-78.23,0.0,0.0,0.1,10,1,1,1,19,0,0,0,0,,
183,1951,07,07,1951-07-07,17:30:00,3,NE,31,7,0,0,0,4.0,0.0,40.85,-101.55,40.88,-101.45,5.1,10,1,1,1,135,0,0,0,0,,
184,1951,07,07,1951-07-07,18:00:00,3,KS,20,64,2,0,0,3.0,0.0,39.25,-99.57,0.0,0.0,0.1,10,1,1,1,163,0,0,0,0,,
185,1951,07,08,1951-07-08,20:00:00,3,SD,46,1,2,1,0,0.0,0.0,45.37,-96.83,0.0,0.0,0.1,10,1,1,1,109,0,0,0,0,,
186,1951,07,08,1951-07-08,20:15:00,3,MO,29,4,2,0,0,4.0,0.0,39.22,-94.02,39.25,-94.02,2.3,100,1,1,1,177,0,0,0,0,,
187,1951,07,09,1951-07-09,01:00:00,3,IN,18,3,2,0,0,5.0,0.0,40.48,-86.12,0.0,0.0,1.0,1760,1,1,1,67,0,0,0,0,,
188,1951,07,09,1951-07-09,23:45:00,3,MO,29,5,1,0,0,2.0,0.0,36.55,-91.7,0.0,0.0,2.0,440,1,1,1,91,0,0,0,0,,
206,1951,08,10,1951-08-10,13:57:00,3,OK,40,40,1,2,0,4.0,0.0,35.8,-97.2,35.88,-97.17,5.9,200,1,1,1,83,0,0,0,0,,
207,1951,08,10,1951-08-10,15:30:00,3,NM,35,2,0,0,0,1.0,0.0,36.67,-103.95,36.78,-103.78,12.2,30,1,1,1,59,0,0,0,0,,
208,1951,08,10,1951-08-10,18:30:00,3,KS,20,69,1,0,0,4.0,0.0,39.87,-101.67,39.87,-101.62,2.3,250,1,1,1,23,0,0,0,1,,
210,1951,08,13,1951-08-13,02:30:00,3,KS,20,71,1,0,0,4.0,0.0,38.23,-97.77,0.0,0.0,0.1,10,1,1,1,113,0,0,0,1,,
209,1951,08,13,1951-08-13,02:30:00,3,KS,20,70,1,0,0,4.0,0.0,38.23,-97.77,0.0,0.0,0.1,10,1,1,1,113,0,0,0,1,,
211,1951,08,14,1951-08-14,15:00:00,3,ND,38,2,1,0,0,2.0,0.0,46.38,-102.25,0.0,0.0,0.1,10,1,1,1,41,0,0,0,0,,
212,1951,08,15,1951-08-15,14:00:00,3,MI,26,5,1,0,0,5.0,0.0,42.67,-84.83,42.7,-84.78,2.3,100,1,1,1,45,0,0,0,0,,
213,1951,08,15,1951-08-15,14:00:00,3,MI,26,7,1,0,0,4.0,0.0,43.18,-83.22,0.0,0.0,0.2,300,1,1,1,87,0,0,0,0,,
214,1951,08,15,1951-08-15,14:30:00,3,MI,26,6,2,0,0,5.0,0.0,42.9,-84.88,43.0,-84.33,28.5,333,1,1,1,37,155,0,0,0,,
215,1951,08,20,1951-08-20,15:30:00,3,CT,9,1,2,0,0,4.0,0.0,41.87,-72.25,0.0,0.0,0.1,50,1,1,1,13,0,0,0,0,,
216,1951,08,21,1951-08-21,14:00:00,3,MA,25,1,2,0,0,3.0,0.0,42.7,-71.13,42.77,-70.97,9.3,100,1,1,1,9,0,0,0,0,,
217,1951,08,21,1951-08-21,14:00:00,3,NH,33,1,2,0,0,3.0,0.0,42.83,-71.13,42.9,-71.07,4.9,67,1,1,1,15,0,0,0,0,,
218,1951,08,21,1951-08-21,16:15:00,3,CT,9,2,2,9,0,5.0,0.0,41.62,-73.42,41.8,-72.6,43.9,100,1,1,1,5,3,0,0,0,,
219,1951,08,21,1951-08-21,16:30:00,3,CT,9,3,3,8,0,5.0,0.0,41.58,-72.5,0.0,0.0,0.1,10,1,1,1,7,0,0,0,0,,
220,1951,08,22,1951-08-22,15:00:00,3,LA,22,6,1,0,0,4.0,0.0,30.25,-93.42,0.0,0.0,0.5,33,1,1,1,19,0,0,0,0,,
221,1951,08,23,1951-08-23,21:30:00,3,KS,20,72,0,0,0,2.0,0.0,38.58,-99.57,0.0,0.0,0.1,10,1,1,1,165,0,0,0,1,,
222,1951,08,24,1951-08-24,07:30:00,3,KS,20,73,0,0,0,3.0,0.0,38.67,-95.17,0.0,0.0,0.1,10,1,1,1,59,0,0,0,1,,
223,1951,08,24,1951-08-24,17:30:00,3,KS,20,74,2,0,0,4.0,0.0,39.78,-100.92,39.8,-100.85,3.3,100,1,1,1,153,0,0,0,0,,
224,1951,08,26,1951-08-26,23:59:00,3,IA,19,5,1,0,0,0.0,0.0,42.85,-95.95,42.92,-95.87,5.6,140,1,1,1,149,0,0,0,0,,
225,1951,08,31,1951-08-31,15:50:00,3,OK,40,41,1,0,0,3.0,0.0,36.73,-98.67,0.0,0.0,0.5,440,1,1,1,151,0,0,0,0,,
226,1951,08,31,1951-08-31,16:20:00,3,KS,20,75,1,0,0,4.0,0.0,38.67,-97.67,0.0,0.0,0.1,10,1,1,1,169,0,0,0,1,,
227,1951,08,31,1951-08-31,16:20:00,3,KS,20,76,1,0,0,4.0,0.0,38.67,-96.95,0.0,0.0,0.1,10,1,1,1,41,0,0,0,1,,
201,1951,08,06,1951-08-06,15:00:00,3,KS,20,66,0,0,0,1.0,0.0,37.55,-99.63,0.0,0.0,0.1,10,1,1,1,57,0,0,0,1,,
202,1951,08,07,1951-08-07,17:00:00,3,KS,20,67,1,0,0,3.0,0.0,37.05,-101.77,0.0,0.0,0.1,10,1,1,1,129,0,0,0,0,,
203,1951,08,07,1951-08-07,21:30:00,3,KS,20,68,0,0,0,0.0,0.0,38.75,-99.83,0.0,0.0,0.1,10,1,1,1,195,0,0,0,1,,
204,1951,08,08,1951-08-08,15:00:00,3,NE,31,9,1,0,0,4.0,0.0,41.75,-103.25,41.77,-103.2,0.1,440,1,1,1,123,0,0,0,0,,
205,1951,08,09,1951-08-09,11:00:00,3,NC,37,4,2,0,0,4.0,0.0,35.75,-81.33,0.0,0.0,0.5,100,1,1,1,35,0,0,0,0,,
231,1951,09,12,1951-09-12,11:30:00,3,WI,55,3,3,1,0,5.0,0.0,44.63,-92.08,44.92,-91.75,24.4,200,1,1,1,91,33,0,0,0,,
232,1951,09,23,1951-09-23,21:30:00,3,KS,20,77,0,0,0,2.0,0.0,38.62,-99.52,0.0,0.0,0.8,100,1,1,1,165,0,0,0,1,,
233,1951,09,26,1951-09-26,15:45:00,3,WI,55,4,4,3,6,5.0,0.0,44.33,-89.3,44.47,-88.78,26.4,100,1,1,1,97,135,0,0,0,,
234,1951,09,26,1951-09-26,16:30:00,3,WI,55,5,4,9,1,5.0,0.0,43.47,-89.25,43.53,-89.08,9.0,100,1,1,1,21,0,0,0,0,,
235,1951,09,26,1951-09-26,21:00:00,3,MI,26,8,2,3,1,0.0,0.0,43.78,-85.87,43.78,-85.8,2.3,440,1,1,1,123,0,0,0,0,,
236,1951,09,27,1951-09-27,10:30:00,3,LA,22,8,2,0,0,4.0,0.0,29.87,-90.13,0.0,0.0,1.0,20,1,1,1,51,0,0,0,0,,
228,1951,09,02,1951-09-02,16:15:00,3,LA,22,7,1,0,0,4.0,0.0,31.92,-92.73,0.0,0.0,0.5,100,1,1,1,127,0,0,0,0,,
229,1951,09,09,1951-09-09,09:15:00,3,MS,28,6,2,0,0,0.0,0.0,33.5,-88.43,0.0,0.0,0.1,100,1,1,1,87,0,0,0,0,,
230,1951,09,09,1951-09-09,16:20:00,3,OK,40,42,2,0,0,3.0,0.0,36.62,-95.02,0.0,0.0,2.0,67,1,1,1,35,41,0,0,0,,
232,1952,11,14,1952-11-14,21:00:00,3,AZ,4,1,0,0,0,0.0,0.0,35.13,-112.57,0.0,0.0,0.2,200,1,1,1,25,0,0,0,1,,
233,1952,11,16,1952-11-16,16:00:00,3,MO,29,9,3,2,0,4.0,0.0,40.45,-95.07,40.57,-94.68,21.6,600,1,1,1,147,0,0,0,0,,
234,1952,11,17,1952-11-17,00:01:00,3,KS,20,19,1,0,0,0.0,0.0,39.67,-95.87,0.0,0.0,0.1,10,1,1,1,131,0,0,0,0,,
235,1952,11,17,1952-11-17,13:20:00,3,IA,19,6,0,0,0,0.0,0.0,41.55,-91.08,0.0,0.0,0.1,50,1,1,1,139,0,0,0,0,,
236,1952,11,17,1952-11-17,16:30:00,3,AR,5,26,2,2,0,4.0,0.0,34.57,-94.4,34.95,-93.9,39.2,100,1,1,1,113,127,0,0,0,,
237,1952,11,19,1952-11-19,22:37:00,3,NC,37,7,2,1,0,5.0,0.0,36.43,-78.72,0.0,0.0,1.0,50,1,1,1,77,0,0,0,0,,
240,1952,12,20,1952-12-20,14:00:00,3,CA,6,1,0,0,0,0.0,0.0,34.4,-118.53,0.0,0.0,0.1,10,1,1,1,37,0,0,0,1,,
238,1952,12,03,1952-12-03,18:15:00,3,TX,48,13,2,4,0,4.0,0.0,30.9,-95.3,30.95,-95.08,13.3,100,1,1,1,455,471,0,0,0,,
239,1952,12,09,1952-12-09,15:00:00,3,KY,21,2,3,3,0,0.0,0.0,37.68,-87.3,37.95,-86.73,35.0,880,2,0,1,0,0,0,0,0,,
239,1952,12,09,1952-12-09,15:00:00,3,KY,21,2,3,3,0,0.0,0.0,37.68,-87.3,37.93,-86.77,33.7,880,2,1,2,59,91,0,0,0,,
239,1952,12,09,1952-12-09,15:50:00,3,IN,18,2,3,0,0,5.0,0.0,37.93,-86.77,37.95,-86.73,1.3,880,2,1,2,123,0,0,0,0,,
1,1952,01,17,1952-01-17,19:34:00,3,PA,42,1,2,0,0,5.0,0.0,41.6,-80.3,0.0,0.0,0.5,400,1,1,1,39,0,0,0,0,,
2,1952,01,22,1952-01-22,07:00:00,3,GA,13,1,2,8,0,5.0,0.0,31.27,-84.02,31.33,-83.9,8.7,350,1,1,1,205,71,0,0,0,,
3,1952,01,22,1952-01-22,09:00:00,3,AL,1,1,1,0,0,3.0,0.0,32.92,-85.97,0.0,0.0,0.1,10,1,1,1,123,0,0,0,0,,
4,1952,01,26,1952-01-26,15:30:00,3,AR,5,1,1,0,0,4.0,0.0,34.42,-91.4,0.0,0.0,0.1,10,1,1,1,1,0,0,0,0,,
5,1952,01,26,1952-01-26,16:00:00,3,AR,5,2,1,0,0,4.0,0.0,34.48,-91.55,0.0,0.0,0.1,10,1,1,1,1,0,0,0,0,,
6,1952,01,28,1952-01-28,03:40:00,3,GA,13,2,1,0,0,4.0,0.0,33.03,-83.97,33.03,-83.9,3.8,400,1,1,1,207,0,0,0,0,,
7,1952,01,28,1952-01-28,05:30:00,3,FL,12,1,1,3,0,4.0,0.0,30.47,-85.25,0.0,0.0,0.5,17,1,1,1,13,0,0,0,0,,
8,1952,01,28,1952-01-28,06:00:00,3,GA,13,3,1,1,0,4.0,0.0,31.58,-84.17,0.0,0.0,2.0,100,1,1,1,95,0,0,0,0,,
9,1952,01,28,1952-01-28,06:30:00,3,GA,13,4,2,0,0,4.0,0.0,31.52,-83.78,0.0,0.0,1.0,100,1,1,1,321,0,0,0,0,,
10,1952,01,28,1952-01-28,06:45:00,3,FL,12,2,2,0,0,4.0,0.0,30.5,-84.23,0.0,0.0,1.5,33,1,1,1,73,0,0,0,0,,
11,1952,01,28,1952-01-28,07:10:00,3,GA,13,5,1,2,0,5.0,0.0,31.47,-83.5,0.0,0.0,0.1,400,1,1,1,277,0,0,0,0,,
12,1952,01,28,1952-01-28,07:30:00,3,GA,13,6,1,1,0,3.0,0.0,32.58,-82.33,0.0,0.0,0.1,33,1,1,1,107,0,0,0,0,,
14,1952,02,13,1952-02-13,04:00:00,3,LA,22,1,0,0,0,4.0,0.0,32.98,-94.0,0.0,0.0,1.0,133,1,1,1,17,0,0,0,0,,
15,1952,02,13,1952-02-13,16:30:00,3,AR,5,3,2,5,0,0.0,0.0,35.95,-90.15,0.0,0.0,0.3,10,1,1,1,93,0,0,0,0,,
16,1952,02,13,1952-02-13,17:00:00,3,TN,47,1,2,0,0,4.0,0.0,36.0,-88.12,0.0,0.0,0.3,300,1,1,1,5,0,0,0,0,,
17,1952,02,13,1952-02-13,17:10:00,3,MO,29,1,2,0,0,3.0,0.0,36.07,-89.93,36.15,-89.87,6.8,100,1,1,1,155,0,0,0,0,,
18,1952,02,13,1952-02-13,19:30:00,3,MS,28,1,0,0,0,0.0,0.0,32.77,-89.1,0.0,0.0,0.1,10,1,1,1,99,0,0,0,0,,
19,1952,02,13,1952-02-13,19:45:00,3,TN,47,2,1,0,0,4.0,0.0,36.05,-87.03,0.0,0.0,0.3,200,1,1,1,37,0,0,0,0,,
20,1952,02,13,1952-02-13,20:00:00,3,AL,1,2,3,14,1,4.0,0.0,33.57,-87.67,33.62,-87.62,5.6,100,1,1,1,125,57,0,0,0,,
21,1952,02,13,1952-02-13,20:30:00,3,AL,1,3,1,6,0,6.0,0.0,34.02,-86.75,34.07,-86.67,6.0,400,1,1,1,43,9,0,0,0,,
22,1952,02,13,1952-02-13,21:00:00,3,TN,47,3,1,0,0,0.0,0.0,35.23,-86.82,0.0,0.0,0.2,400,1,1,1,103,0,0,0,0,,
23,1952,02,13,1952-02-13,21:30:00,3,AL,1,4,3,26,1,5.0,0.0,33.6,-86.93,0.0,0.0,0.1,200,1,1,1,73,0,0,0,0,,
24,1952,02,13,1952-02-13,22:00:00,3,MS,28,3,1,1,0,4.0,0.0,33.85,-88.47,0.0,0.0,0.1,10,1,1,1,95,0,0,0,0,,
25,1952,02,13,1952-02-13,22:00:00,3,TN,47,4,3,2,0,5.0,0.0,35.22,-86.6,35.22,-86.47,7.4,350,1,1,1,103,0,0,0,0,,
26,1952,02,13,1952-02-13,22:30:00,3,MS,28,2,1,2,0,0.0,0.0,30.42,-89.48,0.0,0.0,0.1,10,1,1,1,45,0,0,0,0,,
27,1952,02,13,1952-02-13,22:30:00,3,TN,47,5,4,44,3,5.0,0.0,35.2,-86.3,35.22,-86.08,12.7,100,1,1,1,127,51,0,0,0,,
28,1952,02,13,1952-02-13,23:00:00,3,TN,47,6,3,2,0,5.0,0.0,35.25,-85.83,35.27,-85.75,5.1,400,1,1,1,61,0,0,0,0,,
29,1952,02,19,1952-02-19,09:00:00,3,LA,22,2,2,5,0,4.0,0.0,32.35,-94.0,0.0,0.0,0.5,200,1,1,1,17,0,0,0,0,,
30,1952,02,20,1952-02-20,09:10:00,3,FL,12,3,2,4,0,4.0,0.0,30.17,-85.7,0.0,0.0,1.5,73,1,1,1,5,0,0,0,0,,
31,1952,02,26,1952-02-26,10:20:00,3,FL,12,4,1,0,0,3.0,0.0,26.57,-80.12,0.0,0.0,1.5,17,1,1,1,99,0,0,0,0,,
32,1952,02,29,1952-02-29,16:00:00,3,TN,47,7,1,166,3,4.0,0.0,35.42,-86.7,0.0,0.0,0.1,100,1,1,1,117,0,0,0,0,,
33,1952,02,29,1952-02-29,16:30:00,3,TN,47,8,4,150,2,6.0,0.0,35.15,-86.58,0.0,0.0,2.0,300,1,1,1,103,0,0,0,0,,
34,1952,02,29,1952-02-29,16:40:00,3,TN,47,10,2,0,0,4.0,0.0,35.53,-85.85,0.0,0.0,1.0,400,1,1,1,177,0,0,0,0,,
35,1952,02,29,1952-02-29,17:00:00,3,AL,1,5,3,12,0,0.0,0.0,34.5,-85.7,34.53,-85.67,3.3,400,1,1,1,49,0,0,0,0,,
36,1952,02,29,1952-02-29,17:30:00,3,TN,47,9,2,0,0,5.0,0.0,35.3,-84.67,35.45,-84.47,15.3,587,1,1,1,107,0,0,0,0,,
37,1952,02,29,1952-02-29,19:00:00,3,GA,13,7,2,0,0,4.0,0.0,34.4,-83.33,34.42,-83.2,7.8,77,1,1,1,119,0,0,0,0,,
38,1952,02,29,1952-02-29,19:30:00,3,GA,13,8,2,3,0,5.0,0.0,34.37,-83.58,34.37,-83.42,9.4,300,1,1,1,11,0,0,0,0,,
39,1952,02,29,1952-02-29,20:15:00,3,GA,13,9,2,5,0,4.0,0.0,34.12,-83.67,0.0,0.0,0.2,17,1,1,1,157,0,0,0,0,,
13,1952,02,01,1952-02-01,15:00:00,3,TX,48,1,2,0,0,4.0,0.0,30.08,-93.77,0.0,0.0,1.0,67,1,1,1,361,0,0,0,0,,
